-- phpMyAdmin SQL Dump
-- version 5.2.1
-- https://www.phpmyadmin.net/
--
-- Host: localhost:3306
-- Generation Time: May 24, 2024 at 09:09 PM
-- Server version: 8.0.36-cll-lve
-- PHP Version: 8.1.28

SET SQL_MODE = "NO_AUTO_VALUE_ON_ZERO";
START TRANSACTION;
SET time_zone = "+00:00";


/*!40101 SET @OLD_CHARACTER_SET_CLIENT=@@CHARACTER_SET_CLIENT */;
/*!40101 SET @OLD_CHARACTER_SET_RESULTS=@@CHARACTER_SET_RESULTS */;
/*!40101 SET @OLD_COLLATION_CONNECTION=@@COLLATION_CONNECTION */;
/*!40101 SET NAMES utf8mb4 */;

--
-- Database: `anggrekm_bisnis`
--

-- --------------------------------------------------------

--
-- Table structure for table `area_kirim`
--

CREATE TABLE `area_kirim` (
  `id` int NOT NULL,
  `area` text NOT NULL,
  `kota` text NOT NULL,
  `last_update` timestamp NOT NULL DEFAULT CURRENT_TIMESTAMP ON UPDATE CURRENT_TIMESTAMP
) ENGINE=InnoDB DEFAULT CHARSET=latin1;

--
-- Dumping data for table `area_kirim`
--

INSERT INTO `area_kirim` (`id`, `area`, `kota`, `last_update`) VALUES
(1, 'Jabodetabek', 'a:7:{i:0;s:6:\"Bekasi\";i:1;s:7:\"Jakarta\";i:2;s:13:\"Jakarta Barat\";i:3;s:13:\"Jakarta Pusat\";i:4;s:15:\"Jakarta Selatan\";i:5;s:13:\"Jakarta Timur\";i:6;s:13:\"Jakarta Utara\";}', '2024-05-21 07:07:40'),
(992, 'Seluruh Indonesia', 'a:1:{i:0;s:7:\"Bandung\";}', '2024-05-21 07:07:40');

-- --------------------------------------------------------

--
-- Table structure for table `cart`
--

CREATE TABLE `cart` (
  `id` int NOT NULL,
  `customer_id` int NOT NULL,
  `product_id` int NOT NULL,
  `quantity` int NOT NULL DEFAULT '1'
) ENGINE=InnoDB DEFAULT CHARSET=latin1;

-- --------------------------------------------------------

--
-- Table structure for table `catalog`
--

CREATE TABLE `catalog` (
  `id` int NOT NULL,
  `name` varchar(255) NOT NULL,
  `parent` int NOT NULL,
  `related` text NOT NULL,
  `slug` varchar(255) NOT NULL,
  `shortdesc` text NOT NULL,
  `image` text NOT NULL,
  `seo_title` text NOT NULL,
  `seo_content` longtext NOT NULL,
  `seo_meta` longtext NOT NULL,
  `og_image` text NOT NULL,
  `favorite` tinyint(1) NOT NULL DEFAULT '0',
  `halamankota` tinyint(1) DEFAULT '0',
  `view` int NOT NULL DEFAULT '0',
  `company` varchar(12) NOT NULL,
  `position` int NOT NULL DEFAULT '0',
  `status` tinyint(1) NOT NULL,
  `created` timestamp NOT NULL DEFAULT CURRENT_TIMESTAMP,
  `last_update` timestamp NOT NULL DEFAULT CURRENT_TIMESTAMP ON UPDATE CURRENT_TIMESTAMP
) ENGINE=InnoDB DEFAULT CHARSET=latin1;

--
-- Dumping data for table `catalog`
--

INSERT INTO `catalog` (`id`, `name`, `parent`, `related`, `slug`, `shortdesc`, `image`, `seo_title`, `seo_content`, `seo_meta`, `og_image`, `favorite`, `halamankota`, `view`, `company`, `position`, `status`, `created`, `last_update`) VALUES
(3, 'Pouch & Bags', 0, '0', 'pouch-bags', 'Koleksi gift yang dapat membantu dan memudahkan untuk mengatur dan membawa barang-barang yang kita perlukan.', 'toko-pouch-bags-OTk4NDcw.webp', 'Pouch & Bags', '<p>Kocak hehaa</p>', 'Hai Pouch & Bags', 'jual-karangan-bunga-pulpen-ogimg_Zjc5ODZiZD.webp', 1, 0, 0, 'mega', 1, 1, '2023-06-16 00:57:54', '2024-05-21 07:09:50'),
(4, 'Apparel', 0, 'N;', 'apparel', 'Temukan souvenir perusahaan terbaik untuk momen Anniversary.', 'toko-apparel-ZjU5Mj.webp', 'Apparel', '<p>Helo apparel</p>', 'Apparel yang indah', 'jual-karangan-bunga-bunga-papan-ogimg_Njg1ZTI.webp', 0, 0, 0, 'mega', 3, 0, '2023-06-19 00:46:57', '2024-05-21 07:09:50'),
(5, 'Technology', 0, '0', 'technology', 'Koleksi gift yang dirancang untuk meningkatkan efisiensi dan kenyamanan digitial yang digunakan dalam kehidupan sehari-hari.', 'toko-technology-NTVmZj.webp', 'Technology Product', '<p>hiweka</p>', 'Abrav Koblic', 'jual-karangan-bunga-gathering-souvenir-ogimg_YWI0O.webp', 0, 0, 0, 'melindo', 2, 1, '2023-06-19 19:55:15', '2024-05-21 07:09:50'),
(7, 'Leisure', 0, '0', 'leisure', 'Koleksi yang tepat untuk memberikan hadiah yang menggabungkan gaya, kenyamanan dan fungsionalitas dalam satu paket.', 'toko-leisure-NTY1ZTQ.webp', 'Leisure Product', '<p>Leisure itu apa ya?</p>', 'Leisure', 'jual-karangan-bunga-parcel-buah-ogimg_YzFjMDYwZ.webp', 0, 0, 0, 'melindo', 5, 1, '2023-06-19 20:06:39', '2024-05-21 07:09:50'),
(8, 'Merchandise', 0, 'N;', 'merchandise', 'Koleksi yang tepat untuk hadiah secara personal ataupun bagi karyawan, klien ataupun kebutuhan event.', 'toko-merchandise-NGU1ZWU4.webp', 'Merchandise', '<h1><strong>Temukan Merchandise Perusahaan Berkualitas Tinggi untuk Segala Kebutuhan Anda</strong></h1>\r\n<p>Selamat datang di dunia merchandise perusahaan yang tidak hanya berkualitas tetapi juga mampu meningkatkan citra brand Anda. Di sini, kami menawarkan berbagai pilihan produk branding yang dirancang khusus untuk memenuhi kebutuhan bisnis Anda, dari souvenir kantor hingga hadiah korporat eksklusif.</p>\r\n<h2><strong>Koleksi Merchandise Perusahaan Kami</strong></h2>\r\n<p>Kami bangga menawarkan koleksi merchandise perusahaan yang luas dan beragam. Dari kaos berkualitas tinggi dengan logo perusahaan Anda, mug yang elegan, hingga flash drive yang praktis dan bergaya, kami memiliki segalanya. Setiap produk kami dirancang dengan mempertimbangkan kebutuhan spesifik perusahaan Anda, memastikan bahwa setiap item tidak hanya fungsional tetapi juga menarik secara visual. Kualitas adalah prioritas kami, sehingga setiap item dijamin akan meningkatkan branding dan citra perusahaan Anda di mata klien dan mitra bisnis.</p>\r\n<h3><strong>Mengapa Memilih Merchandise Kami?</strong></h3>\r\n<p>Apa yang membedakan merchandise kami dari yang lain? Pertama, kami menawarkan opsi desain custom yang memungkinkan Anda untuk benar-benar menyampaikan esensi brand Anda melalui produk. Kedua, kualitas material yang kami gunakan adalah yang terbaik di kelasnya, menjamin durabilitas dan keeleganan. Terakhir, layanan pelanggan kami yang responsif siap membantu Anda di setiap langkah pemesanan. Testimoni dari pelanggan kami menunjukkan kepuasan dan kepercayaan tinggi terhadap produk dan layanan kami.</p>\r\n<h4><strong>Cara Mudah Memesan Merchandise Perusahaan</strong></h4>\r\n<p>Memesan merchandise perusahaan tidak pernah semudah ini. Kunjungi website kami, pilih produk yang Anda inginkan, dan kustomisasi sesuai kebutuhan branding Anda. Kami menyediakan berbagai opsi pengiriman yang dapat disesuaikan dengan jadwal Anda. Jika Anda membutuhkan bantuan atau konsultasi, tim kami selalu siap untuk memberikan dukungan penuh.</p>\r\n<h4><strong>Kesimpulan</strong></h4>\r\n<p>Di sini, kami tidak hanya menyediakan merchandise, tetapi kami menawarkan sebuah solusi branding yang komprehensif untuk perusahaan Anda. Dengan kualitas tak tertandingi dan layanan pelanggan yang luar biasa, kami berkomitmen untuk membantu Anda mencapai tujuan branding perusahaan. Jelajahi koleksi kami hari ini dan mulailah meningkatkan citra perusahaan Anda dengan merchandise berkualitas tinggi dari kami.</p>', 'Merchandise euy', 'jual-karangan-bunga-welcome-kit-ogimg_ZGY5ZmU.webp', 1, 0, 0, 'melindo', 6, 1, '2023-06-20 01:18:10', '2024-05-21 07:09:50'),
(9, 'Stationary', 0, '0', 'stationary', 'Koleksi gift alat tulis yang cocok untuk semua kalangan yang dirancang dengan detail dan kualitas terbaik.', 'toko-stationary-YmI1Z.webp', 'Stationary', '<p>eta saha</p>', 'halo', 'jual-karangan-bunga-gift-karyawan-ogimg_NjJkZGMyMD.webp', 0, 0, 0, 'melindo', 8, 1, '2023-06-20 21:36:27', '2024-05-21 07:09:50'),
(10, 'Food & Drink', 0, 'N;', 'food-drink', 'Package food and bottle drink', 'toko-food-drink-NDdkMGJj.webp', 'Custom Hampers Gift Makanan dan minuman ', '<p>aku hanya tahu itu saja</p>', 'Isinya tempat minum dan makan', '', 1, 0, 0, 'mega', 1, 0, '2023-06-28 02:00:48', '2024-05-21 07:09:50'),
(12, 'Health & Beauty', 0, 'N;', 'health-beauty', 'Koleksi gift yang sempurna untuk merawat dan memberikan stamina pada daya tahan tubuh. ', 'toko-health-beauty-OGQzNjhjM.webp', 'Parcel Kecantikan', '', 'Jual hamper kosmetik dan lain lain', '', 0, 0, 0, 'mega', 10, 1, '2023-07-28 08:01:31', '2024-05-21 07:09:50'),
(13, 'PR Hampers', 0, '0', 'pr-hampers', 'Pr Hampers', 'toko-pr-hampers-ZWQzMzh.webp', 'Jual PR Hampers | FREE ONGKIR', '<p>Jual PR Hampers | FREE ONGKIR</p>', 'Jual PR Hampers | FREE ONGKIR', '', 0, 0, 0, 'mega', 0, 1, '2023-07-28 08:02:49', '2024-05-21 07:09:50');

-- --------------------------------------------------------

--
-- Table structure for table `catalog_solution`
--

CREATE TABLE `catalog_solution` (
  `id` int NOT NULL,
  `catalog_id` int NOT NULL,
  `solution_id` int NOT NULL
) ENGINE=InnoDB DEFAULT CHARSET=latin1;

--
-- Dumping data for table `catalog_solution`
--

INSERT INTO `catalog_solution` (`id`, `catalog_id`, `solution_id`) VALUES
(1, 8, 2),
(2, 9, 2),
(3, 5, 2),
(4, 12, 1),
(5, 8, 1),
(6, 9, 1),
(7, 5, 1),
(8, 12, 3),
(9, 8, 3),
(10, 9, 3),
(11, 5, 3);

-- --------------------------------------------------------

--
-- Table structure for table `city`
--

CREATE TABLE `city` (
  `id` int NOT NULL,
  `city_name` varchar(255) NOT NULL,
  `parent` int NOT NULL,
  `city_keyword` text NOT NULL,
  `city_slug` varchar(255) NOT NULL,
  `city_desc` text NOT NULL,
  `city_longdesc` longtext NOT NULL,
  `seo_title` text NOT NULL,
  `seo_meta` longtext NOT NULL,
  `city_status` tinyint(1) NOT NULL DEFAULT '1',
  `favorite` tinyint(1) NOT NULL,
  `view` int NOT NULL,
  `city_created` timestamp NOT NULL DEFAULT CURRENT_TIMESTAMP,
  `city_update` timestamp NOT NULL DEFAULT CURRENT_TIMESTAMP ON UPDATE CURRENT_TIMESTAMP
) ENGINE=InnoDB DEFAULT CHARSET=latin1;

--
-- Dumping data for table `city`
--

INSERT INTO `city` (`id`, `city_name`, `parent`, `city_keyword`, `city_slug`, `city_desc`, `city_longdesc`, `seo_title`, `seo_meta`, `city_status`, `favorite`, `view`, `city_created`, `city_update`) VALUES
(1, 'Jakarta', 0, 'Jakarta', 'jakarta', 'Delovery Jakarta', '<div class=\"col-12\">\r\n<h1 class=\"h4\" style=\"text-align: justify;\">Delovery Jakarta - Toko Bunga Online #1</h1>\r\n</div>\r\n<div class=\"col-12\">\r\n<p class=\"text-justify\" style=\"text-align: justify;\">Jakarta, siapa yang tak mengenalnya? Ibu kota negara Republik Indonesia yang dahulu bernama Sunda Kelapa ini merupakan kota metropolitan terbesar di ASEAN. Sebagai jantung hati negara Indonesia, sudah dipastikan bahwa Jakarta memegang peran penting sebagai pusat pemerintahan, pusat kota, dan pusat segala aktivitas lembaga-lembaga tinggi negara dilaksanakan. Hiruk pikuk Kota Jakarta menjadikannya sebagai kota yang memiliki penduduk sangat padat. Semua orang ingin datang dan mengadu nasib ke kota ini. Namun, dibalik hiruk pikuknya Jakarta, kota ini memiliki kawasan wisata dan unsur budaya yang kental. Objek wisata Jakarta banyak yang menjadi incaran para turis Indonesia maupun mancanegara. Salah satunya yaitu Taman Impian Jaya Ancol, Pulau Seribu, Taman Mini Indonesia Indah (TMII), dan Monumen Nasional (Monas).&nbsp;</p>\r\n<p class=\"text-justify\" style=\"text-align: justify;\">Kini tidak hanya wisata yang mampu menarik perhatian, namun terdapat <span style=\"text-decoration: underline;\"><a href=\"../../../jakarta\" target=\"_blank\" rel=\"noopener\">toko bunga jakarta</a></span> yang hadir untuk Anda yaitu Delovery. Beraneka jenis <span style=\"text-decoration: underline;\"><a href=\"../../../jakarta\" target=\"_blank\" rel=\"noopener\">rangkaian bunga Jakarta</a></span> dapat Anda pesan untuk mengisi moment-moment Anda di Jakarta. Mulai dari bunga papan ucapan yang dapat Anda gunakan untuk memberi ucapan selamat, duka cita, dan pernikahan. Bunga buket beragam varian juga kami tawarkan untuk Anda mulai dari hand bouquet, standing flower, buket bunga dan special flower. Tak ketinggalan cake, boneka, dan juga coklat yang akan semakin menambah kesan indah pada bouquet Anda. Jangan lewatkan acara penting Anda hanya karena bingung mencari Toko Bunga di Jakarta yang sesuai dengan selera Anda. Karena Toko Bunga Online kami akan membuat rangkaian bunga yang sesuai dengan permintaan Anda.</p>\r\n<p class=\"text-justify\" style=\"text-align: justify;\">Toko Bunga Online Delovery menawarkan pengiriman bunga dengan mudah. Hanya dengan duduk santai, Anda bisa memesan bunga lewat telepon pintar yang Anda punya. Toko bunga Online Kami mempunyai customer service yang siap melayani pesanan Anda baik itu melalui website, whatsapp, email ataupun berbagai aplikasi yang ada di smartphone anda. Dengan customer service yang selalu setia menerima pesanan flowers Jakarta dari pelanggan, tentu membuat rangkaian bunga Anda akan cepat dikirim dan sampai ke tujuan dengan aman Jangan pernah ragu untuk memesan bunga dari Toko Bunga Online Delovery<span style=\"text-decoration: underline;\"><a href=\"../../../jakarta\" target=\"_blank\" rel=\"noopener\">&nbsp;Jakarta</a></span>. Pesan bunga mudah dan cepat.</p>\r\n</div>', 'Toko Bunga Jakarta Online #1 Free Ongkir - Delovery Jakarta', 'Delovery Jakarta Toko Bunga Jakarta Online Melayani Berbagai Rangkaian Bunga Jakarta Meliputi Buket Bunga, Bunga Papan, Standing Flower Dan Karangan Bunga Lainnya..', 1, 1, 0, '0000-00-00 00:00:00', '2023-07-29 07:01:53'),
(2, 'Semarang', 0, 'Semarang', 'semarang', 'Banyak Diskon Order sekarang. Respon Cepat & Kualitas Terbaik. Bunga papan Semarang, buket bunga Semarang, florist Semarang. Pelayanan Ramah. Desain Kreatif. Bunga Segar.', '<h1>Delovery Semarang - Toko Bunga Online #1</h1>\r\n<p>Pernikahan merupakan acara sakral yang mempersatukan dua insan yang akan saling mencintai dan melengkapi satu sama lain hingga akhir hayat. Pernikahan pun memiliki banyak sekali adat sesuai dengan wilayah dan kepercayaan yang dianut oleh kedua mempelai. Tetapi pada dasarnya pernikahan merupakan acara pengikatan janji yang dilaksanakan dua insan manusia dengan maksud meresmikan ikatan secara norma agama, sosial, dan juga hukum. Di Semarang yang merupakan ibu kota Jawa Tengah terdapat beberapa adat yang sampai sekarang masih diterapkan di pernikahan adat jawa. Apapun adatnya yang terpenting adalah janji yang telah di lantunkan dalam sebuah pernikahan antara kedua mempelai.</p>\r\n<p>Tapi nampaknya acara pernikahan kurang indah jika tidak ada hiasan bunga yang menghiasi setiap sudut dari panggung mempelai. Jadi <a href=\"../../../semarang\" target=\"_blank\" rel=\"noopener\"><span style=\"text-decoration: underline;\">toko bunga Semarang</span></a> yaitu Delovery, hadir untuk menjadikan pernikahan anda semakin indah dengan berbagai hiasan dari rangkaian bunga Delovery. Anda bisa menemukan banyak perlengkapan pernikahan di Delovery Semarang. Perlengkapannya berupa bouquet bunga, hand bouquet, cake, standing flower, paper flower, bunga papan, parcel dan hampers. Sangat lengkap bukan? Hanya dengan mengunjungi satu tempat anda sudah mendapatkan berbagai perlengakapan pernikahanan anda.</p>\r\n<p>Ada berbagai rekomendasi desain <a href=\"../../../semarang\" target=\"_blank\" rel=\"noopener\"><span style=\"text-decoration: underline;\">rangkaian bunga Semarang</span></a> di katalog Delovery yang bisa anda lihat langsung melalui website. Setelah anda menentukan rangkaian mana yang cocok untuk anda, bisa langsung memesan melalui website. Jika anda mempunyai desain sendiri untuk rangkaian bunganya, anda bisa menanyakannya melalui whatsapp atau email. Dan anda juga bisa memesan langsung di whatsapp, email, dan aplikasi lain di ponsel anda. Sangat mudah kan? Apalagi Meme <span style=\"text-decoration: underline;\"><a href=\"../../../semarang\" target=\"_blank\" rel=\"noopener\">Florist Semarang</a></span> memberikan gratis ongkir untuk anda yang berada di wilayah semarang. Jadi anda tidak perlu khawatir mengenai ongkir yang akan terbebankan pada pesanan anda. Jadi tunggu apalagi? Lets Order, dan hiasi acara istimewa mu dengan rangkaian bunga dari Delovery.</p>', 'Toko Bunga Semarang Online #1 Free Ongkir - Delovery Semarang', 'Delovery Semarang Toko Bunga Semarang Online Melayani Berbagai Rangkaian Bunga Semarang Meliputi Buket Bunga, Bunga Papan, Standing Flower Dan Karangan Bunga Lainnya..', 1, 1, 0, '0000-00-00 00:00:00', '2023-07-29 07:02:02'),
(3, 'Solo', 0, 'Surakarta,solo', 'solo', 'Toko Bunga Solo, melayani Pengiriman Bunga Papan Ucapan, Hand Bouquet, Table Bouquet, Standing Flower, Flower Box & Cake.', '<h1>Delovery Solo &ndash; Toko Bunga Online #1</h1>\r\n<p>Solo dikenal sebagai kota dengan sejuta pesona. Mulai dari adat, budaya, dan juga keindahan alamnya. Selalu ada yang menarik di Kota Solo yang menjadikan wisatawan lokal maupun asing selalu datang ke kota ini. Banyak yang ditawarkan di Kota Solo, mulai dari wisata tradisional dan wisata alamnya. Salah satu wisata tradisional yang kental dengan sejarah dan dapat Anda jumpai di Solo adalah Keraton Jawa yaitu Keraton Surakarta dan Keraton Mangkunegaran. Selain itu, Solo yang dijuluki Kota Batik juga mempunyai museum batik dengan koleksi batiknya yang lengkap yaitu House of Danar Hadi. Tak hanya itu, Tawangmangu yang sangat terkenal dengan kesejukan udaranya juga menyimpan kecantikan daerah timur Solo yang amat dirindukan ketika berkunjung ke Solo.</p>\r\n<p>Jangan lupa nikmati moment-moment Anda di Solo dengan memberikan kejutan-kejutan istimewa untuk orang tercinta Anda di Solo. Kini Toko Bunga Online Delovery hadir juga di kota Solo yang melayani pengiriman bunga dengan cepat dan mudah. Berkirim bunga bersama toko bunga online Meme <span style=\"text-decoration: underline;\"><a href=\"../../../solo\" target=\"_blank\" rel=\"noopener\">Florist Solo</a></span> menjadi sangat mudah karena kami melayani pemesanan tidak hanya via website, tetapi juga bisa melalui whatsapp, email, atau berbagai aplikasi di ponsel anda. Melalui layanan ini tentu akan memudahkan Anda yang ingin memberi ucapan atau merayakan acara penting Anda di Solo.</p>\r\n<p>Percayakan kebutuhan karangan bunga Anda bersama toko bunga online Delovery di Solo. Kami melayani pemesanan segala jenis rangkaian bunga, mulai dari bunga papan ucapan selamat untuk wedding, grand opening toko ataupun kantor, dan juga ucapan duka cita. Selain <a href=\"../../../bunga-papan-solo-surakarta\" target=\"_blank\" rel=\"noopener\"><span style=\"text-decoration: underline;\">bunga papan solo</span></a>, toko bunga online kami juga menyediakan hand bouquet, special flower, standing flower, dan rangkaian bunga dengan boneka dan coklat yang semakin menambah kesan manis pada bunga Anda. Banyak ragam <a href=\"../../../solo\" target=\"_blank\" rel=\"noopener\"><span style=\"text-decoration: underline;\">rangkaian bunga solo</span></a> terbaik dan kualitasnya terjamin di toko kami. Semua <span style=\"text-decoration: underline;\"><a href=\"../../../solo\" target=\"_blank\" rel=\"noopener\">karangan bunga solo</a></span> rangkai dengan sepenuh hati sesuai dengan permintaan Anda. Jangan ragu untuk mengungkapkan perasaan Anda melalui karangan bunga bersama kami sebagai <span style=\"text-decoration: underline;\"><a href=\"../../../solo\" target=\"_blank\" rel=\"noopener\">toko bunga solo</a></span> terpercaya. Pesan bunga mudah dan cepat.</p>', 'Toko Bunga Solo Online #1 Free Ongkir - Delovery Solo', 'Delovery Solo Toko Bunga Solo Online Melayani Berbagai Rangkaian Bunga Solo Meliputi Buket Bunga, Bunga Papan, Standing Flower Dan Karangan Bunga Lainnya..', 1, 0, 0, '0000-00-00 00:00:00', '2023-07-29 07:02:06'),
(4, 'Denpasar', 0, 'Denpasar', 'denpasar', 'Toko Bunga Bali Fast Respond Online 24 Jam. Kirim Cepat dan Aman Terjamin. Wedding, Congratulations, Duka Cita, Hand Buket, Bunga Meja, Standing Flower. Bunga Segar. Harga Bersaing. Pengiriman Cepat.', '<div id=\"wd-5c9d86ae2cad4\" class=\"title-wrapper woodmart-title-color-default woodmart-title-style-default woodmart-title-width-100 text-center woodmart-title-size-default \">\r\n<div class=\"liner-continer\">\r\n<h1 style=\"text-align: justify;\">Delovery Denpasar &ndash; Toko Bunga Online #1</h1>\r\n<p style=\"text-align: justify;\">Bali merupakan tempat favorit dan sering menjadi destinasi utama para turis asing saat berliburan ke Indonesia. Dengan pemandangan panorama alamnya yang menakjubkan dan dikolaborasikan antara seni dan budaya yang masih kental, Bali akan memanjakan para Turis asing yang berkunjung di Indonesia. Bali juga menjadi pulau yang memiliki julukan sebagai pusat bisnis, mengapa? Karena di Bali terdapat beberapa tempat wisata yang sangat populer. Disamping itu, tujuan para Turis asing ataupun Turis dalam negeri memang untuk mengunjungi Bali. Bali sangat populer dengan sebutan Pulau Romantis. Pulau Bali memiliki pesona sebagai tempat romantis karena Pulai Bali dengan deretan pantai cantik yang terbentang dan budaya yang melekat di Bali menjadikan para pasangan nyaman dan dapat menikmati itu semua yang belum tentu ada di daerah lain.</p>\r\n<p style=\"text-align: justify;\">Tak hanya wisata yang cantik, namun terdapat <span style=\"text-decoration: underline;\"><a href=\"../../../denpasar\" target=\"_blank\" rel=\"noopener\">toko bunga bali</a></span> yang tentunya jangan sampai Anda lewatkan yaitu Meme Florish. Delovery Bali adalah Toko Bunga di Bali yang Selalu memanjakan para konsumen dalam hal pemesanan. Toko Bunga Online kami mempermudah Anda dengan menerima layanan pemesanan melalui website, whatsapp, Email, dan berbagai aplikasi yang ada dalam smartphone. Jangan sampai melewatkan moment special Anda, ada berbagai rangkaian bunga segar yang toko bunga online kami sediakan untuk keperluan moment special Anda. Ada berbagai rangkaian bunga segar yang toko bunga online kami sediakan untuk keperluan moment special Anda seperti buket bunga, flower box, bunga papan dan <a href=\"../../../denpasar\" target=\"_blank\" rel=\"noopener\"><span style=\"text-decoration: underline;\">rangkaian bunga bali</span></a> lainnya. Beragam rangkaian bunga yang terjaga kesegaranya dapat Anda pesan kapanpun dan dimanapun. Selain rangkaian, ada <span style=\"text-decoration: underline;\"><a href=\"../../../denpasar\" target=\"_blank\" rel=\"noopener\">karangan bunga bali</a></span> di toko kami. Meme Florish juga menerima pesanan bingkisan cake dan parcel.</p>\r\n<p style=\"text-align: justify;\">Delovery Bali sebagai toko bunga online di bali terpercaya akan memberikan Anda kepuasan extra, dengan kebebasan design dan rangkaian bunga yang dapat disesuaikan oleh budget dan keingininan Anda. Rangkaian bunga yang kami persembahkan mendapat apresiasi dari tenaga ahli yang mengerti dan ahli dalam hal kesenian dan keindahan. Silahkan hubungi customer kami dan pesan segera bunga favorit di moment specialmu, kami siap kirim ke lokasi Anda. Toko Bunga Online Kami menggunakan sistem yang tidak rumit dan pastinya kami akan memberikan yang terbaik untuk Anda dan moment special anda. Jangan tunggu moment special anda datang untuk yang berikutnya ayo order sekarang. Cepat, mudah, sesuai keinginan dan budget menyesuaikan, dimana lagi kalau tidak di Meme<span style=\"text-decoration: underline;\"><a href=\"../../../denpasar\" target=\"_blank\" rel=\"noopener\"> Florist Bali</a></span>. Toko Bunga Online Terpercaya. Lets Order.</p>\r\n</div>\r\n</div>', 'Toko Bunga Bali Online #1 Free Ongkir - Delovery Bali', 'Delovery Bali Toko Bunga Bali Online Melayani Berbagai Rangkaian Bunga Bali Meliputi Buket Bunga, Bunga Papan, Standing Flower Dan Karangan Bunga Lainnya..', 1, 0, 0, '0000-00-00 00:00:00', '2023-07-29 07:05:14'),
(5, 'Surabaya', 0, 'Surabaya', 'surabaya', 'Banyak Diskon Order sekarang. Respon Cepat & Kualitas Terbaik. Bunga papan Semarang, buket bunga Surabaya, florist Surabaya. Pelayanan Ramah. Desain Kreatif. Bunga Segar.', '<h1>Delovery Surabaya - Toko Bunga Online #1</h1>\r\n<p>Acara melepas masa lajang sebelum akhirnya menikah adalah sebuah acara yang biasanya dilakukan mempelai wanita sebelum pernikahannya. Acara ini biasanya digelar mempelai wanita bersama dengan sahabat, teman, atau kerabat terdekatnya. Bridal shower itulah nama dari acara ini. Biasanya digelar di sebuah restouran, hotel, atau bisa juga dirumah mempelai wanita. Acara ini diisi dengan berbagai game dan acara yang biasanya dilakukan wanita saat berkumpul. Ini bisa menjadi acara terakhir sang mempelai sebelum akhirnya menikah dan akan lebih sering menghabiskan waktu bersama sang suami.</p>\r\n<p>Acara Bridal Shower ini tidak digelar secara langsung oleh mempelai perempuan, tetapi biasanya diadakan oleh sahabatnya sebagai kejutan untuk membahagiakan sang mempelai sebelum menikah. Bridal shower digunakan sebagai pengungkapan rasa sayang para sahabat kepada mempelai. Jangan bingung mau bawa apa saat acara? Anda bisa membawakan kue untuk acara bridal shower sahabat tersayang anda. Meme <span style=\"text-decoration: underline;\"><a href=\"../../../surabaya\" target=\"_blank\" rel=\"noopener\">Florist Surabaya</a></span> menyediakan berbagai design kue untuk melengkapi acara bridal shower. Anda bisa memesan kue dengan design favorit yang telah ditentukan. Tidak hanya kue bridal shower saja, anda juga bisa memesan kue ulang tahun, kue pernikahan, dan sebagainya di Delovery Surabaya.</p>\r\n<p>Bahkan anda bisa menemukan berbagai jenis rangkaian bunga seperti bouquet bunga, hand bouquet, flower box, paper flower, bunga papan, hingga parcel dan hampers. Jadi anda bisa menemukan berbagai kebutuhan di Delovery Surabaya. Tidak hanya untuk acara bridal shower saja, anda juga bisa memesan berbagai <span style=\"text-decoration: underline;\"><a href=\"../../../surabaya\" target=\"_blank\" rel=\"noopener\">rangkaian bunga surabaya</a></span>, kue, dan sebagainya untuk acara lainnya. Pemesanan di Delovery Surabaya sangatlah mudah, anda bisa memesan langsung melalui website, whatsapp, email, dan aplikasi lainnya di ponsel anda. Dengan pelayanan terbaik pasti anda akan merasa nyaman dan senang. Tidak hanya itu anda juga bisa mendapatkan gratis ongkir untuk pemesanan anda. Tunggu apalagi lets order di <span style=\"text-decoration: underline;\"><a href=\"../../../surabaya\" target=\"_blank\" rel=\"noopener\">Toko Bunga Surabaya</a></span>.</p>', 'Toko Bunga Surabaya Online #1 Free Ongkir - Delovery Surabaya', 'Delovery Surabaya Toko Bunga Surabaya Online Melayani Berbagai Rangkaian Bunga Surabaya Meliputi Buket Bunga, Bunga Papan, Standing Flower Dan Karangan Bunga Lainnya..', 1, 1, 0, '0000-00-00 00:00:00', '2023-07-29 07:05:14'),
(6, 'Pontianak', 0, 'Pontianak', 'pontianak', 'Toko Bunga Online Di Pontianak melayani Aneka Rangkaian Bunga Meliputi Bunga Papan, Buket Bunga, Standing Flower Dan Karangan Bunga', '<h2>Delovery Pontianak - Toko Bunga Online #1</h2>\r\n<p>Pontianak meruapakan kota terbesar yang ada di Kalimantan dan merupakan kota yang di lintasi oleh garis katulistiwa. Kota ini juga terkenal dengan sungai kapuas nya yang membentang sepanjang 1.143 km dan merupakan sungai terpanjang di Indonesia. Di Pontianak pula ada sebuah monumen bernama Tugu Katulistiwa. Tugu ini tidak hanya menjadi ikon Pontianak tetapi juga merupakan kebanggaan dari masyarakat pontianak. Di tugu ini anda bisa mendapatkan informasi mengenai garis katulistiwa yang mungkin belum anda ketahui. Selain itu di Pontianak juga terdapat banyak sekali wisata sejarah dan wisata adat. Pontianak bisa menjadi kota rekomendasi yang bisa anda kunjungi, karena banyak hal yang tidak akan anda dapat di daerah anda.</p>\r\n<p>Selain itu anda juga bisa menemukan Delovery Pontianak, toko bunga online nomor 1 di Indonesia. Anda akan lebih mudah mendapatkan berbagai rangkaian bunga, paper flower, bunga papan, cake, parcel dan juga hampers. Anda juga bisa memesan kue ulang tahun untuk keluarga atau pasangan anda sesuai dengan desain favorit anda. Jika anda kebingungan mencari hadiah yang spesial untuk orang tersayang anda. Anda tidak perlu khawatir karena Delovery Pontianak menyediakan berbagai rangkaian bunga untuk hadiah bagi pasangan anda. Flower box atau bouquet bunga adalah bunga yang paling tepat diberikan kepada pasangan anda. Dengan tampilan dari flower box yang tersembunyi namun didalamnya menyimpan sesuatu yang sangat indah. Atau bouquet bunga yang nampak sangat canti dengan berbagai jenis bunga sesuai dengan keinginan anda.</p>\r\n<p>Jadi anda memilih yang mana? Masih kebingungan? Tidak perlu tergesa gesa. Anda masih bisa mencari berbagai referensi di katalog Delovery yang terdapat di website. Pemesanan juga sangat mudah dan pastinya anda akan dengan mudah melakukannya. Anda bisa melakukannya di website secara langsung setelah melihat katalog, atau anda juga bisa memesan melalui whatsapp, email, atau aplikasi lain yang ada di ponsel anda. Kami juga memberikan gratis ongkir untuk anda yang berada di wilayah pontianak dan sekitarnya. Jadi anda tidak perlu merasa khawatir lagi mengenai ongkir. Tunggu apalagi, Lest Order.</p>', 'Toko Bunga Online Di Pontianak #1 Free Ongkir - Delovery Pontianak', 'Toko Bunga Online Di Pontianak Yang Menyediakan Aneka Rangkaian Bunga Meliputi Bunga Papan, Buket Bunga, Standing Flower Dan Karangan Bunga Lainnya', 1, 0, 0, '0000-00-00 00:00:00', '2023-07-29 07:05:14'),
(7, 'Bandung', 0, 'Bandung', 'bandung', 'Toko Karangan Bunga Papan Ucapan, Duka Cita, Pernikahan, Congratulations Perusahaan. Pesan Langsung Kirim Hari Ini Bandung dan Sekitarnya. Bunga Segar Bukan Bekas. Layanan: Gratis Kirim, Bunga Segar, Bunga Baru.', '<h1 style=\"text-align: left;\">Delovery Bandung &ndash; Toko Bunga Online #1</h1>\r\n<p>Kota Bandung, salah satu kota di Indonesia yang terletak di Pulau Jawa Barat. Kota Bandung merupakan kota yang indah sehingga mendapat julukan sebagai kota kembang. Dijuluki kota kembang karena pada zaman dulu Kota Bandung memiliki deretan pepohonan dan berbagai macam bunga yang membentang disepanjang kota Bandung. Indahnya kota Bandung bukan hanya dalam segi alam. Selain itu, Bandung memiliki julukan lain yaitu Paris Van Java. Kota bandung dijuluki Paris Van Java karena merupakan pusat perbelanjaan yang terdapat di pulau Jawa.</p>\r\n<p>Tempat wisata di Bandung juga menjadi sorotan para wisatawan untuk memasukan Bandung sebagai kota wisata. Dari wisata alam hingga wisata bangunan sangat terkenal di Bandung. Inilah alasan mengapa banyak orang yang singgah ke Kota Kembang. Indahkan harimu bersama orang kesayangan anda dan jangan kecewakan orang terdekat anda di Bandung dengan melewatkan moment special anda. Delovery <span style=\"text-decoration: underline;\"><a href=\"../../../bandung\" target=\"_blank\" rel=\"noopener\">Florist Bandung</a></span> merupakan&nbsp;toko bunga online&nbsp;yang dengan bangga bersedia membantu anda memanfaatkan moment special anda dengan rangkaian bunga yang indah sehingga perasaan anda akan tersampaikan melalui rangkaian bunga yang kami buat. Delovery Bandung sebagai toko bunga online di bandung akan memberikan pelayanan yang tidak akan mengecewakan karena pesanan akan disesuai dengan keinginan dari Customer. Design yang kami berikan akan kami sesesuaikan dengan moment anda. Toko Bunga Online kami memberikan beberapa produk rangkaian bunga seperti karangan bunga papan, hand bouquet,table bouquet, dan standing flower.</p>\r\n<p>Selain produk tentang karangan bunga di <span style=\"text-decoration: underline;\"><a href=\"../../../bandung\" target=\"_blank\" rel=\"noopener\">toko bunga Bandun</a>g,</span> kami juga melayani pemesanan paket bingkisan lain seperti boneka, coklat, cake dan parcel. Akses pemesanan kami sekarang sudah meluas dan tidak hanya melalui website. Toko Bunga Online kami melayani order Customer dari smartphone yang Anda miliki ataupun Whatsapp yang dikirim ke Customer Service kita. Ini akan memudahkan Anda untuk memesan rangkaian bunga yang anda inginkan, karena Anda tak perlu datang ke toko untuk memesan rangkaian bunga di moment specialmu. Jadilah orang yang tidak membuang percuma moment special dan memanfaatkan moment special.</p>', 'Toko Bunga Bandung Online #1 Free Ongkir - Florist Bandung', 'Delovery Bandung Toko Bunga Bandung Online Melayani Berbagai Rangkaian Bunga Bandung Meliputi Buket Bunga, Bunga Papan, Standing Flower Dan Karangan Bunga Lainnya..', 1, 1, 0, '0000-00-00 00:00:00', '2023-07-29 07:05:14'),
(8, 'Yogyakarta', 0, 'Yogyakarta, Jogja ', 'yogyakarta', 'Toko Bunga Online Di Yogyakarta melayani Aneka Rangkaian Bunga Meliputi Bunga Papan, Buket Bunga, Standing Flower Dan Karangan Bunga', '<h1>Delovery Yogyakarta - Toko Bunga Online #1</h1>\r\n<p>Yogyakarta merupakan ibukota dan juga menjadi pusat pemerintahan di Provinsi Daerah Istimewa Yogyakarta. Kota ini dipimpin oleh seorang sultan bernama Sultan Hamengkubuwono X, dan merupakan kediaman bagi sultan Hamengkubuwono dan juga Adipati Paku Alam. Yogyakarta atau biasa disebut dengan Jogja merupakan kota yang sangat menarik dan nyaman untuk dikunjungi. Suasana kota yang asri, tenang, dan harmonis serta dibalut dengan sentuhan budaya Jawa menjadikan Jogja sangat berbeda. Banyak julukan yang didapatkan kota ini seperti, kota gudeg, kota pelajar, kota pariwisata, kota perjuangan, hingga kota budaya. Semua julukan tersebut memang pantas untuk Jogja karena memang kota ini memiliki banyak hal yang sangat terkenal. Salah satu pariwisata Jogja yang paling terkenal yakni pantai parangtritis yang terkenal akan unsur mistisnya. Selain itu terdapat titik 0 km Jogja, yang berada di sepanjang jalan Malioboro yang juga sering dikunjungi para wisatawan.</p>\r\n<p>Yogyakarta terkenal juga sebagai kota pelajar maka tak heran jika banyak sekali pelajar, karena banyaknya pula tempat pembelajaran di Jogja. Jika berada di Jogja anda bisa mendapatkan berbagai rangkaian bunga di Toko Bunga online Delovery Yogyakarta. Disini terdapat banyak sekali <span style=\"text-decoration: underline;\"><a href=\"../../../yogyakarta\" target=\"_blank\" rel=\"noopener\">rangkaian bunga Jogja</a></span> seperti flower box, hand bouquet, standing flower, dan paper plower. Juga ada <a href=\"../../../bunga-papan-yogyakarta-jogja\" target=\"_blank\" rel=\"noopener\"><span style=\"text-decoration: underline;\">bunga papan Jogja</span></a> dan masih banyak lagi. Delovery <span style=\"text-decoration: underline;\"><a href=\"../../../yogyakarta\" target=\"_blank\" rel=\"noopener\">Toko Bunga Jogja</a></span> Online ini menyediakan berbagai cake, parcel, dan hampers untuk berbagai acara anda.</p>\r\n<p>Anda bisa melihat berbagai <span style=\"text-decoration: underline;\"><a href=\"../../../yogyakarta\" target=\"_blank\" rel=\"noopener\">karangan bunga jogja</a></span> di katalog produk melalui website dari Delovery. Pemesanan bisa anda lakukan dengan mudah melalui website, whatsapp, email, dan berbagai aplikasi lain di smartphone anda. Dengan memesan melalui online pasti anda akan lebih menghemat tenaga dan juga waktu daripada harus pergi dan mencari toko bunga. Kami akan memberikan pelayanan terbaik untuk anda sehingga anda akan nyaman memesan di Delovery. Anda juga bisa mendapatkan gratis ongkir jika anda berada di Yogyakarta dan sekitarnya. Segera hubungi customer service kita dan lengkapi berbagai acara anda dengan bunga dari Meme <span style=\"text-decoration: underline;\"><a href=\"../../../yogyakarta\" target=\"_blank\" rel=\"noopener\">Florist Jogja</a></span>.</p>', 'Toko Bunga Jogja Online #1 Free Ongkir - Delovery Jogja', 'Delovery Jogja Toko Bunga Jogja Online Melayani Berbagai Rangkaian Bunga Jogja Meliputi Buket Bunga, Bunga Papan, Standing Flower Dan Karangan Bunga Lainnya.', 1, 1, 0, '0000-00-00 00:00:00', '2023-07-29 07:05:14'),
(18, 'Cilegon', 0, 'Cilegon', 'cilegon', 'Toko Bunga Online Di Cilegon melayani Aneka Rangkaian Bunga Papan Duka Cita, Ucapan Selamat Pernikahan, Buket Bunga, Standing Flower Dan Karangan Bunga Lainnya', '<h2>Delovery Cilegon - Toko Bunga Online #1</h2>\r\n<p>Menyampaikan sebuah pesan atau perasaan tidak hanya dapat dilakukan secara lisan maupun tulisan, bunga dapat menjadi pilihan lain untuk anda gunakan untuk menyampaikan perasaan anda. Setiap bunga memiliki jenis dan warna yang berbeda - beda, perbedaan ini juga berpengaruh pada arti atau makna dari bunga tersebut. Contohnya saja bunga mawar merah yang berarti gairah cinta yang membara, mawar pink yang berarti kekaguman atau keanggunan, dan mawar putih yang berarti kemurnian atau kesucian. Walaupun memiliki jenis yang sama, bunga - bunga tersebut memiliki arti yang berbeda- beda sesuai dengan warnanya. Maka dari itu, bunga merupakan pilihan yang tepat untuk menyampaikan perasaan atau pesan yang tidak dapat diungkapkan dengan kata - kata.</p>\r\n<p>Untuk membantu anda menyampaikan perasaan atau pesan spesial anda, Delovery Cilegon menyediakan berbagai macam produk rangkaian bunga yang dapat anda pilih. Produk - produk rangkaian bunga ini contohnya saja seperti buket bunga, flower box, standing flower, bunga papan, dan masih banyak yang lainnya. Tidak hanya itu, Delovery Cilegon juga menyediakan pilihan produk lainnya, seperti kado, kue ulang tahun, bingkisan bayi, parcel, dan masih banyak produk lainnya.</p>\r\n<p>Produk - produk yang tersedia disini telah terpercaya kualitasnya dan memiliki harga yang bervariasi. Jadi, anda dapat menyesuaikannya dengan biaya atau budget yang anda miliki. Anda dapat melihat katalog produk di website kami, apabila anda ingin mengetahui informasi lebih lanjut mengenai produk atau membutuhkan saran produk mana yang harus dipilih, anda dapat menghubungi customer service kami yang selalu siap melayani anda selama 24 jam. Pemesanan produk dapat dilakukan via Email, Website, Whatsapp, dan aplikasi - aplikasi lain yang ada di smartphone. Jadi, anda tidak perlu datang langsung ke toko kami dan dapat menghemat lebih banyak waktu. Segera lakukan pemesanan produk dan nikmati layanan - layanan yang kami sediakan.</p>', 'Toko Bunga Online Di Cilegon #1 Free Ongkir - Delovery Cilegon', 'Toko Bunga Online Di Cilegon Yang Menyediakan Aneka Rangkaian Bunga Meliputi Bunga Papan, Standing Flower, Buket Bunga dan Karangan Bunga Lainnya', 1, 0, 0, '0000-00-00 00:00:00', '2023-07-29 07:05:14'),
(19, 'Cirebon', 0, 'Cirebon', 'cirebon', 'Toko Bunga Online Di Cirebon melayani Aneka Rangkaian Bunga Papan Duka Cita, Ucapan Selamat Pernikahan, Buket Bunga, Standing Flower Dan Karangan Bunga Lainnya', '<h2>Delovery Cirebon - Toko Bunga #1</h2>\r\n<p>Salah satu kota yang berada di provinsi Jawa Barat. Kota yang berada di pesisir utara pulau jawa atau yang biasa disebut dengan jalur pantura yang menghubungkan kota jakarta, cirebon, semarang, dan surabaya. Kota ini merupakan kota yang dijuluki sebagai kota udang, ini dikarenakan sejak dahulu masyarakat kota cirebon bermata pencaharian sebagai pencari udang rebon. Selain disebut sebagai kota udang, kota yang satu ini juga memiliki banyak sekali keraton dan juga beragam kuliner. Ada banyak sekali wisatawan yang berkunjung atau sekedar singgah ketika berpergian menuju ketimur.</p>\r\n<p>Cirebon memiliki banyak kue khas yang tentunya sangat menggugah selera, contohnya kue apem, kue serabi, kue gapit dan masih banyak lagi. Kue merupakan kudapan atau makanan ringan yang memiliki cita rasa manis yang terbuat dari adonan tepung. Tidak hanya manis ada pula kue yan memiliki cita rasa asin ataupun gurih. Kue juga identik dengan acara ulang tahun karena bentuknya yang cantik dan rasanya yang enak. Banyak jenis kue ulang tahun yang ditemukan sekarang ini. Untuk anda yang masih bimbang dan bingung dalam mencari tempat pemesanan kue ulang tahun, apalagi anda yang berada disekitar Cirebon. Anda bisa memesan di Delovery Cirebon, tidak hanya kue anda juga bisa memesan berbagai jenis karangan bunga, parce, bunga papan, dan lain lain. Banyak varian yang bisa anda pilih sesuai dengan keinginan anda.</p>\r\n<p>Anda bisa memesan melalui webstite Delovery Cirebon, tidak hanya bisa melalui website anda juga bisa memesan melalui email, whatsapp, dan aplikasi lain yang ada di smartphone anda. Dengan pelayanan terbaik pastinya akan membuat anda merasa nyaman dan puas. Anda juga tidak perlu merasa khawatir dengan budget karena anda bisa memilih bunga atau kue sesuai dengan budget yang anda miliki. Dan tentunya dengan gratis ongkir di wilayah Cirebon dan sekitarnya.</p>', 'Toko Bunga Online Di Cirebon #1 Free Ongkir - Delovery Cirebon', 'Toko Bunga Online Di Cirebon Melayani Pemesanan Aneka Rangkaian Bunga Seperti Buket Bunga, Bunga Papan, Standing Flower Dan Karangan Bunga Lainnya', 1, 0, 0, '0000-00-00 00:00:00', '2023-07-29 07:05:14'),
(20, 'Depok', 0, 'Depok', 'depok', 'Toko Bunga Online Di Depok melayani Aneka Rangkaian Bunga Papan Duka Cita, Ucapan Selamat Pernikahan, Buket Bunga, Standing Flower Dan Karangan Bunga Lainnya', '<h2>Delovery Depok - Toko Bunga #1</h2>\r\n<p>Merupakan salah satu kota yang ada di provinsi Jawa Barat. Kota yang satu ini berada di selatan kota Jakarta, yakni berada diantara kota Jakarta dan juga Bogor. Dahulu Depok merupakan sebuah kecamatan yang berada di wilayah kabupaten Bogor. Namun pada 27 April 1999 Depok mendapat status sebagai Kota yang berada di Jawa Barat. Depok merupakan kota yang mendaat julukan kota belimbing, dikarenakan banyak lahan di kota Depok yang digunakan sebagai budidaya buah yang memiliki bentuk seperti bintang itu. Selain mendapat julukan sebagai kota belimbing, Depok juga memiliki julukan lain yakni kota petir. Disebut kota petir dikarenakan Depok merupakan kota yang memiliki terganas dan paling berbahaya. Berdasarkan hasil penelitian, petir diarea kota Depok merupakan petir yang memiliki kekuatan arus negatif sekitar 379,2 Kilo Ampere dan arus positif 441,1 Kilo Ampere. Dengan kekuatan petir yang sangat besar tersebut kkota depok akhirnya mendapat julukan sebagai kota petir.</p>\r\n<p>Belimbing yang dihasilkan oleh kota yang satu ini juga sangat terkenal, belimbing ini memiliki nama belimbing dewa. Memiliki warna kuning keorenan, dan rasa sangat manis menjadikan belimbing yang satu ini sangat terkenal. Belimbing ini bisa dijadikan sebagai buah tangan ketika datang kerumah kerabat atau pacar. Selain belimbing anda juga bisa membawakan kue atau bunga bagi kerabat atau pacar anda. Namun dimana anda bisa mendapat bunga? Tenang saja Delovery Depok hadir untuk anda. Anda bisa menemukan banyak hadiah untuk pacar atau kerabat anda diantaranya kue, bunga, giftbox, flower box, hingga bunga papan bisa anda dapatkan di Delovery Depok. Hanya dengan mengunjungi website Delovery anda sudah bisa langsung memesan bunga tanpa harus keluar dari rumah. Sangat mudah bukan? Tentu saja, terlebih lagi anda akan mendapatkan gratis ongkir untuk wilayah Depok dan sekitarnya.</p>\r\n<p>Ingin melakukan pemesanan? Langsung saja melalui website Delovery. Tidak hanya melalui website anda juga bisa memesan melalui whatsapp dan juga email yang sudah tercantum diwebsite resmi Delovery Depok. Anda akan mendapatkan pelayanan terbaik dari kami kapan pun anda akan memesan. Kami akan melayani dengan senang hati dan akan memberikan anda pelayanan yang terbaik. Delovery Depok akan menjaga dengan sangat kesegaran dari bunga yang anda pesan, anda akan segera memproses pesanan anda.</p>', 'Toko Bunga Online Di Depok #1 Free Ongkir - Delovery Depok', 'Toko Bunga Online Di Depok melayani Aneka Rangkaian Bunga Papan Duka Cita, Ucapan Selamat Pernikahan, Buket Bunga, Standing Flower Dan Karangan Bunga Lainnya', 1, 0, 0, '0000-00-00 00:00:00', '2023-07-29 07:05:14'),
(21, 'Garut', 0, 'Garut', 'garut', 'Toko Bunga Online Di Garut melayani Aneka Rangkaian Bunga Papan Duka Cita, Ucapan Selamat Pernikahan, Buket Bunga, Standing Flower Dan Karangan Bunga Lainnya', '<h2>Delovery Garut - Toko Bunga #1</h2>\r\n<p>Berada di provinsi Jawa Barat Garut merupakan sebuah kabupaten yang berbatasan langsung dengan kabupaten Sumedang di utara. Di timur Garut berbatasan langsung dengan Tasikmalaya dan Majalengka. Dan di barat berbatasan langsung dengan kabupaten Cianjur dan Kabupaten Bandung. Garut juga merupakan salah satu kabupaten yang dituju sebagai tempat wisata. Garut memiliki salah satu kesenian yang turun temurun yakni adu domba. Ada banyak pula wisata alam yang berada di Garut. Dan makanan khas yang terkenal di Garut yakni dodol garut. Siapa yang tidak mengenal dodol garut, salah satu makanan dengan bentuk kenyal dan cita rasa manis ini merupakan makanan yang sudah terkenal di nusantara. Dan Garut merupakan kabupaten yang memiliki dodol yang sangat terkenal.</p>\r\n<p>Anda tengah berada di Garut dan bingung mencari hadiah terbaik untuk pasangan anda? Tenang saja anda tidak perlu khawatir karena Delovery Garut hadir untuk anda. Tidak hanya hadiah Delovery Garut juga menyediakan berbagai keperluan untuk pernikahan seperti bunga, bunga papan, bouquet bunga, standing flower, dan berbagai parcel untuk hari bahagia anda. Selain itu Delovery Garut juga menyediakan kue ulang tahun untuk anda dengan berbagai jenis design sesuai dengan request anda. Jadi anda tidak perlu bingung dalam membeli bunga ataupun kue. Karena Delovery ada untuk membantu anda dan melayani anda dengan sepenuh hati.</p>\r\n<p>Jika anda tertarik anda bisa melihat beberapa katalog produk dari Delovery yang berada di website. Namun jika anda memiliki pertanyaan, anda bisa langsung menghubungi nomer whatsapp atau email yang sudah tertera pada website. Kami akan melayani anda dengan sepenuh hati dan pelayanan yang terbaik kapan pun anda memiliki pertanyaan seputar dengan produk kami. Hanya dengan bermodalkan ponsel dan jaringan internet anda akan bisa memilih hadiah atau keperluan untuk pernikahan tanpa harus keluar rumah. Dan tidak perlu khawatir dengan ongkir karena kami akan memberikan gratis ongkir untuk anda yang berada di Garut dan sekitarnya.</p>', 'Toko Bunga Online Di Garut #1 Free Ongkir - Delovery Garut', 'Toko Bunga Online Di Garut Menyediakan Berbagai Rangkaian Bunga Meliputi Standing Flower, Bunga Papan, Buket Bunga Dan Karangan Bunga Lainnya...', 1, 0, 0, '0000-00-00 00:00:00', '2023-07-29 07:05:14'),
(22, 'Gorontalo', 0, 'Gorontalo', 'gorontalo', 'Toko Bunga Online Di Gorontalo melayani Aneka Rangkaian Bunga Papan Duka Cita, Ucapan Selamat Pernikahan, Buket Bunga, Standing Flower Dan Karangan Bunga Lainnya', '<h2>Delovery Gorontalo - Toko Bunga #1</h2>\r\n<p>Gorontalo merupakan ibu kota dari provinsi Gorontalo yag terletak di pulai sulawesi bagian utara. Kota ini merupakan kota terbesar dan terpadat diwilayah teluk tomini. Oleh karena itu kota gorontalo merupakan kota yang menjadi ibukota provinsi gorontalo ini menjadi pusat ekonomi, perdagangan, pendidikan, dan juga pusat penyebaran agama islam di wilayah Indonesia bagian timur. Gorontalo juga memiliki makanan khas yang bernama Binte Biluhuta yang berbahan dasar jagung. Nama Binte Biluhuta memiliki arti yakni, Binte berarti jagung dan Biluhuta yang berarti siram sehingga bila dibahasakan menjadi jagung yang disiram. Sesuai dengan namanya makanan khas dari gorontalo ini merupakan jagung yang sudah dipisahkan dari bonggolnya, udang, suwiran ikan cakalang, daun bawang yang disiram dengan kuah yang terbut dari rempah rempah khas wilayah gorontalo. Makanan ini biasanya dinikmati selagi masih hangat dan sebagai teman makan ketika hujan melanda.</p>\r\n<p>Tidak hanya Binte Biluhuta, di Gorontalo terdapat makanan khas lainnya seperti es Brenebon, Sate Tuna, Tili Aya yang merupakan cemilan khas Gorontalo dan masih banyak lagi. Dari berbagai jenis makanan khas tersebut tentu saja sangat nikmat dimakan bersama orang tersayang. Jika membicarakan orang tersayang tentu saja tidak jauh dari hadiah ataupun kado. Banyak barang yang bisa dijadikan kado untuk orang yang paling spesial dan tersayang. Namun memberikan bunga adalah hal yang sangat romantis untuk diberikan kepada pasangan atau orang tersayang. Bunga merupakan ungkapan kasih sayang dan rasa cinta kepada pasangan atau orang tersayang. Namun jika nda masih bingung mengenai bunga apa yang harus anda berikan kepada pasangan, anda bisa mencari referensinya di Delovery Gorontalo. Delovery Gorontalo akan membantu menemukan bunga apa yang cocok untuk anda berikan kepada orang tersayang anda. Dan anda akan sangat mudah jika membeli bunga di Delovery, karena anda bisa membelinya secara online.</p>\r\n<p>Banyak barang yang bisa anda temukan di Delovery Gorontalo. Tidak hanya bunga, anda bisa menemukan berbagai jenis hadiah untuk orang tersayang anda mulai dari cake, parcel, gift box, bunga papan, paper flower, hampers dan masih banyak lagi. Anda bisa melihat berbagai katalog di website Delovery Gorontalo dan bisa melakukan pesanan langsung pada website. Tidak hanya bisa melakukan pesanan di Website anda juga bisa melakukan pesanan melalui emai, whatsapp, dan aplikasi lain yang ada diponsel anda. Dengan pelayanan terbaik yang kami berikan tentu saja anda akan merasa nyaman dan senang. Selain itu anda juga bisa menyesuaikan pesanan yang anda inginkan sesuai dengan budget yang anda miliki.</p>', 'Toko Bunga Online Di Gorontalo #1 Free Ongkir - Delovery Gorontalo', 'Toko Bunga Online Di Gorontalo Melayani Aneka Rangkaian Bunga Meliputi Bunga Papan, Buket Bunga, Standing Flower Dan Karangan Bunga Lainnya, FREE ONGKIR', 1, 0, 0, '0000-00-00 00:00:00', '2023-07-29 07:05:14'),
(23, 'Karawang', 0, 'Karawang', 'karawang', 'Toko Bunga Online Di Karawang melayani Aneka Rangkaian Bunga Papan Duka Cita, Ucapan Selamat Pernikahan, Buket Bunga, Standing Flower Dan Karangan Bunga Lainnya', '<h2>Delovery Karawang - Toko Bunga Online #1</h2>\r\n<p>Momen ulang tahun merupakan mone spesial bagi beberapa orang. Dengan adanya momen ulang tahun atau hari dimana kita dilahirkan bisa menjadi dorongan dalam semakin bersemangat dalam mengejar mimpi dan sebagainya. Seseorang yang berulang tahun harus menjadi pribadi yang lebih baik dari sebelumnya, dan juga meningkatkan tingkat kedewasaan. Memberi ucapan selamat ulang tahun kepada yang sedang merayakannya adalah sebuah budaya yang ada di masyarakat kita. Ucapan selamat ulang tahun bisa diberikan dengan berbagai cara, bisa saja dengan menggunakan kartu ucapan, bisa juga dengan kue ulang tahun atau sebuah bunga papan. Atau juga bisa disampaikan secara langsung dengan sebuah pelukan hangat. Meskipun sederhana tetapi ucapan selamat ulang tahun dari seseorang akan menjadi sesuatu yang spesial bagi yang sedang berulang tahun.</p>\r\n<p>Dalam momen ini akan banyak sekali doa-doa yang dipanjatkan untuk yang sedang berulang tahun. Akan banyak sekali hadiah yang berdatangan dari kerabat, sahabat, atau dari pasangan. Dengan memberi ucapan atau hadiah kepada yang sedang berulang tahun, berarti kita menunjukan rasa perhatian dan sikap menghargai kepada yang sedang berulang tahun. Untuk anda yang sedang bingung memesan kue ulang tahun untuk sahabat, teman, atau pasangan anda. Anda tidak perlu khawatir karena anda bisa memesan di Delovery Karawang, dengan sebuah bunga atau kartu ucapan sebagai hadiahnya. Selain kue ulang tahun, anda juga bisa memesan berbagai bouquet, bunga papan, flower box, flower paper, parcel, dan juga hampers. Sangat lengkap bukan? Itu semua untuk mempermudah ketika anda membutuhkannya.</p>\r\n<p>Delovery Karawang akan melayani anda untuk pemesanan online. Anda bisa memesan melalui website Delovery Karawang, atau juga bisa melalui whatsapp dan email. Kami akan memberikan pelayanan yang terbaik untuk kenyamanan anda. Anda bisa memesan kue ulang tahun dengan desain favorit anda, atau sesuai dengan tema pesta ulang tahun anda. Jika memesan di Delovery Karawang anda tidak perlu lagi khawatir mengenai ongkir, karena kami memberi gartis ongkir untuk anda yang berada di wilayah karawang dan sekitarnya. Segera memesan kue untuk hari ulang tahun yang spesial bagi anda, teman, kerabat, sahabat, atau pasangan terdekat.</p>', 'Toko Bunga Online Di Karawang #1 Free Ongkir - Delovery Karawang', 'Toko Bunga Online Di Karawang melayani Aneka Rangkaian Bunga Papan Duka Cita, Ucapan Selamat Pernikahan, Buket Bunga, Standing Flower Dan Karangan Bunga Lainnya', 1, 0, 0, '0000-00-00 00:00:00', '2023-07-29 07:05:14'),
(24, 'Kebumen', 0, 'Kebumen', 'kebumen', 'Toko Bunga Online Di Kebumen melayani Aneka Rangkaian Bunga Papan Duka Cita, Ucapan Selamat Pernikahan, Buket Bunga, Standing Flower Dan Karangan Bunga Lainnya', '<h2>Delovery Kebumen - Toko Bunga Online #1</h2>\r\n<p>Kebumen merupakan sebuah wilayah yang berada di provinsi Jawa Tengah. Kebumen merupakan sebuah kota dengan 26 kecamatan dan 11 kelurahan. Kota Kebumen merupakan kota yang berada diwilayah paling selatan dari provinsi Jawa tengah. Sehingga tak heran jika di Kebumen banyak sekali pantai pantai yang cantik dan juga unik. Mengapa unik? Ini dikarenakan walaupun kota kebumen berada di wilayah pesisir, Kebumen memiliki beberapa daerah pengunungan di wilayah pantainya. Kota Kebumen dikenal dengan kota walet, karena logo dari kota ini adalah burung walet yang memiliki bentuk tubuh kecil, bewarna gelap, dan memiliki kecepatan tinggi saat terbang.</p>\r\n<p>Kota kebumen memperingati hari jadi setiap 21 Agustus, jadi biasanya akan banyak acara yang diadakan setiap hari jadinya. Selain itu setiap hari jadi setiap kota pasti ada banyak bunga papan yang berada di kantor walikota/ bupati. Jika anda masih belum menemukan harus memesan bunga papan untuk hari jadi kota Kebumen, anda bisa memesan secara online di Delovery Kebumen. Delovery Kebumen menyediakan berbagai jenis bunga papan, dari bunga papan pernikahan, bunga papan duka cita, dan juga bunga papan untuk ucapan selamat. Tidak hanya bunga papan Meme florist juga memiliki berbagai produk di antara lain ada bouquet bunga, paper flower, flower box, cake, parcel, dan juga hampers.</p>\r\n<p>Pemesanan di Delovery juga sangat mudah, anda tidak perlu keluar rumah dan berpanas panasan. Anda hanya tinggal membuka website dari Delovery atau anda juga bisa memesan melalui whatsapp, email, dan aplikasi lain di ponsel anda. Dengan begitu anda akan lebih menghemat tenaga dan bahan bakar kendaraan anda. Tidak perlu mengkhawatirkan mengenai budget anda, karena anda bisa menyesuaikan budget dengan barang yang akan anda pesan. Selain itu anda juga tidak perlu khawatir mengenai ongkir yang akan anda bayar, karena kami akan memberikan gratis ongkir untuk pemesanan diwilayah Kebumen dan sekitarnya. Jadi tunggu apa lagi, ayo pesan bunga papan, bouquet bunga, atau yang lainnya di Delovery Kebumen. &nbsp;</p>', 'Toko Bunga Online Di Kebumen #1 Free Ongkir - Delovery Kebumen', 'Toko Bunga Online Di Kebumen Yang Menyediakan Aneka Rangkaian Bunga Meliputi Bunga Papan, Buket Bunga, Standing Flower Dan Karangan Bunga Lainnya', 1, 0, 0, '0000-00-00 00:00:00', '2023-07-29 07:05:14'),
(25, 'Kediri', 0, 'Kediri', 'kediri', 'Toko Bunga Online Di Kediri melayani Aneka Rangkaian Bunga Papan Duka Cita, Ucapan Selamat Pernikahan, Buket Bunga, Standing Flower Dan Karangan Bunga Lainnya', '<h2>Delovery Kediri - Toko Bunga Online #1</h2>\r\n<p>Seperti yang kita ketahui bunga memang seringkali digunakan sebagai ucapan selamat atau juga sebagai hadiah. Rangkaian bunga sangat sering ditemukan diacara bahagia seperti wisuda, ulang tahun, pernikahan, grand opening dan lain lain. Tapi juga tidak jarang ditemukan di saat acara sedih seperti ketika keadaan sedang berduka. Pembuatan sebuah rangkaian bunga tentu saja dibuat oleh orang yang telah berpengalaman dalam penataan bunga, sehingga hasilnya akan sangat cantik. Namun apabila tidak memiliki kemampuan dalam merangkai bunga dan ingin merangkainya sendiri juga tidak masalah, tetapi pasti akan lebih rumit dan sulit. Namun sekarang anda tidak perlu lagi kesulitan dalam merangkai bunga sendiri karena Delovery telah hadir di berbagai daerah di Indonesia, salah satunya Kediri.</p>\r\n<p>Banyak yang bisa anda dapatkan di Delovery Kediri, dimulai dari berbagai rangkaian bunga, cake, parcel, dan hampers. Dari banyaknya rangkaian bunga yang tersedia di Delovery Kediri, anda juga harus bisa membedakan yang digunakan untuk acara bahagia dan acara berduka. Contohnya untuk hand bouquet biasanya diberikan kepada pasangan, kerabat, teman atau sahabat pada acara acara bahagia seperti pernikahan, wisuda, grand opening, dan lainnya. Jenis dari hand bouquet pun bermacam macam, dari bunga yang digunakan hingga ukuran dari hand bouquet tersebut. Ketika anda menghadiri sebuah acara pernikahan dimana kedua mempelai melempar bunga supaya teman yang menangkap bisa segera menyusul. Nah bunga yang digunakan itu tidak terlalu besar dan bisanya bunga yang sederhana tapi elegan.</p>\r\n<p>Jika anda masih bingung menentukan bunga yang akan anda beli untuk pasangan, teman, atau kerabat anda. Anda bisa langsung mengunjungi website dari Delovery dan membuka berbagai katalog produknya. Ada banyak sekali yang bisa anda pilih sesuai kebutuhan anda. Selain itu pemesanan produk juga sangat mudah. Anda bisa memesan melalui website, whatsapp, email, dan aplikasi lain yang ada di ponsel anda. Sangat mudah bukan? Selain itu kammi juga memberikan pelayanan terbaik untuk anda sehingga anda akan lebih nyaman dalam melakukan pemesanan. Hanya dengan dirumah melalui gadget anda sudah bisa mendapatkan berbagai rangkaian bunga dan yang lainnya.&nbsp; Selain itu gratis ongkir juga akan anda dapatkan untuk yang berada di wilayah kediri dan sekitarnya.</p>', 'Toko Bunga Online Di Kediri #1 Free Ongkir - Delovery Kediri', 'Toko Bunga Online Di Kediri melayani Aneka Rangkaian Bunga Papan Duka Cita, Ucapan Selamat Pernikahan, Buket Bunga, Standing Flower Dan Karangan Bunga Lainnya', 1, 0, 0, '0000-00-00 00:00:00', '2023-07-29 07:05:14');
INSERT INTO `city` (`id`, `city_name`, `parent`, `city_keyword`, `city_slug`, `city_desc`, `city_longdesc`, `seo_title`, `seo_meta`, `city_status`, `favorite`, `view`, `city_created`, `city_update`) VALUES
(26, 'Kudus', 0, 'Kudus', 'kudus', 'Toko Bunga Online Di Kudus melayani Aneka Rangkaian Bunga Papan Duka Cita, Ucapan Selamat Pernikahan, Buket Bunga, Standing Flower Dan Karangan Bunga Lainnya', '<h2>Delovery Kudus - Toko Bunga Online #1</h2>\r\n<p>Kudus merupakan sebuah kabupaten yang terkenal dengan penghasil rokok atau kretek terbesar di Jawa Tengah. Selain itu Kudus juga memiliki julukan lain yakni kota santri. Julukan tersebut didapat dikarenakan Kudus merupakan sebuah wilayah yang menjadi pusat perkembangan islam dari abad pertengahan. Tetapi sebelum islam masuk ke kabupaten yang satu ini. Masyarakat mayoritas Kudus merupakan masyarakat beragama Hindu dan Budha. Oleh karena itu hingga sekarang masyarakat kudus masih menghormati pemeluk agama hindu dengan cara tidak menyembelih dan memakan daging sapi. Ketika anda berjalan jalan di sekitaran Kudus, pasti anda akan menemukan makanan khas kudus yang satu ini yakni Soto. Berbeda dengan wilayah lain Soto yang ada dikudus ini kebanyakan menggunakan daging kerbau atau ayam sebagai pelengkapnya. Rasanya tak kalah nikmat dengan soto di wilayah lain, dan yang membuat berbeda adalah daging kerbau yang digunakan sebagai pelengkap.</p>\r\n<p>Selain makanan khas yang ada di Kudus, anda juga bisa menemukan 3 makam Sunan walisongo yang berada di Kudus. Teruntuk anda yang berada di Kudus dan sedang mencari berbagai rangkaian bunga, tenang saja Delovery Kudus dapat membantu anda. Di Delovery Kudus terdapat berbagai jenis rangkaian bunga, paper flower, parcel, hampers, hingga cake bisa anda temukan disini. Ketika anda membutuhkan berbagai dekorasi untuk pernikahan anda, anda juga bisa memesan kebutuhan anda di Delovery. Anda bisa memesan bunga papan atau paper flower untuk bunga selamat datang. Tidak hanya itu anda bisa memesan cake wedding, standing flower, dan juga parcel untuk hantaran pernikahan anda. Hampir semua kebutuhan untuk hari bahagia anda ada di Delovery Kudus.</p>\r\n<p>Apalagi cara pemesanannya yang sangat mudah akan semakin membuat anda menjadi nyaman. Bagaimana tidak mudah, anda bisa memesan melalui website, whatsapp, email, dan berbagai aplikasi lain di gadget anda. Anda hanya perlu berada dirumah, memesan, menunggu, kemudian barang akan sampai di rumah anda dengan selamat. Tidak perlu pergi keluar, pergi ke toko bunga, menghabiskan bahan bakar, dan berpanas panasan. Dengan melakukan pemesanan di Delovery Kudus anda hanya memerlukan smarthphone dan jaringan internet, cukup duduk manis dirumah dan barang akan sampai. Kami akan memberikan pelayanan terbaik untuk anda sehingga anda akan merasa nyaman memesan di Delovery. Tidak perlu khawatir mengenai ongkir, karena kami akan memberikan gratis ongkir untuk wilayah kudus dan sekitaranya.</p>', 'Toko Bunga Online Di Kudus #1 Free Ongkir - Delovery Kudus', 'Toko Bunga Online Di Kudus Melayani Aneka Rangkaian Bunga Seperti Standing Flower, Bunga Papan, Buket Bunga, Dan Karangan Bunga Lainnya BEBAS ONGKIR', 1, 0, 0, '0000-00-00 00:00:00', '2023-07-29 07:05:14'),
(27, 'Kuta', 0, 'Kuta', 'kuta', 'Toko Bunga Online Di Kuta melayani Aneka Rangkaian Bunga Papan Duka Cita, Ucapan Selamat Pernikahan, Buket Bunga, Standing Flower Dan Karangan Bunga Lainnya', '<h2>Delovery Kuta - Toko Bunga Online Kuta</h2>\r\n<p>Kuta merupakan tempat favorit dan sering menjadi destinasi utama para turis asing saat berliburan ke Indonesia. Dengan pemandangan panorama alamnya yang menakjubkan dan dikolaborasikan antara seni dan budaya yang masih kental, Kuta akan memanjakan para Turis asing yang berkunjung di Indonesia. Bali merupakan pulau yang memiliki julukan sebagai pusat bisnis karena ada beberapa tempat wisata yang sangat populer di Bali. Disamping itu semua ada satu lagi tujuan para Turis asing ataupun Turis dalam negri untuk mengunjungi Bali. Bali sangat populer dengan sebutan Pulau Romantis. Pulau Bali memiliki pesona sebagai tempat romantis karena Pulau Bali dengan deretan pantai cantik yang terbentang dan budaya yang melekat. Di Bali para pasangan nyaman dan dapat menikmati itu semua yang belum tentu ada di daerah lain. Pantai indah di Bali salah satunya berada di Kuta yang merupakan salah satu kabupaten yang ada di pulau Bali.</p>\r\n<p>Jangan sampai melewatkan moment special Anda, ada berbagai rangkaian bunga segar yang toko bunga online kami sediakan untuk keperluan moment special Anda seperti buket bunga, flower box, bunga papan dan rangkaian bunga lainnya. Delovery Kuta dalah Toko Bunga di Bali yang Selalu memanjakan para konsumen dalam hal pemesanan. Toko Bunga Online kami mempermudah Anda dengan menerima layanan pemesanan melalui website, whatsapp, Email, dan berbagai aplikasi yang ada dalam smartphone. Beragam rangkaian bunga yang terjaga kesegaranya dapat Anda pesan kapanpun dan dimanapun. Selain karangan bunga, toko bunga online kami juga menerima pesanan bingkisan cake dan parcel. Delovery Kuta sebagai toko bunga online di bali terpercaya akan memberikan Anda kepuasan extra, dengan kebebasan design dan rangkaian bunga yang dapat disesuaikan oleh budget dan keingininan Anda.</p>\r\n<p>Rangkaian bunga yang kami persembahkan mendapat apresiasi dari tenaga ahli yang mengerti dan ahli dalam hal kesenian dan keindahan. Silahkan hubungi customer kami dan pesan segera bunga favorit di moment specialmu, kami siap kirim ke lokasi Anda. Toko Bunga Online Kami menggunakan sistem yang tidak rumit dan pastinya kami akan memberikan yang terbaik untuk Anda dan moment special anda. Jangan tunggu moment special anda datang untuk yang berikutnya ayo order sekarang. Cepat, mudah, sesuai keinginan dan budget menyesuaikan, dimana lagi kalau tidak di Delovery Kuta. Toko Bunga Online Terpercaya. Lets Order.</p>', 'Toko Bunga Online Di Kuta Bali #1 Free Ongkir - Delovery Kuta', 'Toko Bunga Online Di Kuta Bali Yang Menyediakan Aneka Rangkaian Bunga Meliputi Bunga Papan, Standing Flower, Buket Bunga dan Karangan Bunga Lainnya', 1, 0, 0, '0000-00-00 00:00:00', '2023-07-29 07:05:14'),
(28, 'Madiun', 0, 'Madiun', 'madiun', 'Toko Bunga Online Di Madiun melayani Aneka Rangkaian Bunga Papan Duka Cita, Ucapan Selamat Pernikahan, Buket Bunga, Standing Flower Dan Karangan Bunga Lainnya', '<h2>Delovery Madiun - Toko Bunga Online #1</h2>\r\n<p>Bunga terkenal akan keindahan, jenis, dan warnanya yang beraneka ragam. Padahal bukan hanya memiliki jenis dan warna yang beragam, bunga juga memiliki arti atau makna yang berbeda - beda pula. Contohnya saja bunga mawar yang memiliki arti cinta atau asmara, bunga anggrek yang memiliki arti keindahan atau keanggunan, bunga anyelir yang berarti cinta jangka panjang seperti cinta ibu pada anaknya, dan masih banyak lagi jenis - jenis bunga dengan arti yang berbeda - beda. Maka dari itu, bunga sangat cocok untuk digunakan dalam berbagai macam kebutuhan.</p>\r\n<p>Delovery saat ini telah hadir di Madiun untuk membantu anda menyampaikan perasaan atau pesan spesial untuk orang - orang yang anda sayangi. Produk - produk rangkaian bunga, mulai dari buket bunga, flower box, standing flower, hingga bunga papan semua tersedia disini. Tidak hanya itu, Delovery Madiun juga menyediakan pilihan produk lain seperti kado, kue ulang tahun, bingkisan bayi, parcel, dan masih banyak yang lainnya. Dengan total cabang lebih dari 100 yang tersebar di kota - kota di seluruh Indonesia, Delovery Madiun telah terpercaya menyediakan produk - produk yang berkualitas.</p>\r\n<p>Produk - produk buatan kami dijual dengan harga yang bervariasi. Jadi, anda dapat menyesuaikannya dengan budget atau biaya yang anda miliki. Anda dapat melihat produk - produk yang kami sediakan di halaman website kami. Apabila anda memiliki pertanyaan mengenai produk pilihan anda, anda dapat menghubungi customer service kami yang siap sedia melayani anda selama 24 jam. Pemesanan produk dapat anda lakukan melalui via Email, Website, Whatsapp, dan aplikasi - aplikasi lain yang ada di smartphone. Kami selalu siap melayani anda dan mengantarkan pesanan anda ke seluruh daerah di Madiun dan sekitarnya.</p>', 'Toko Bunga Online Di Madiun #1 Free Ongkir - Delovery Madiun', 'Toko Bunga Online Di Madiun Yang Menyediakan Aneka Rangkaian Bunga Meliputi Bunga Papan, Standing Flower, Buket Bunga dan Karangan Bunga Lainnya', 1, 0, 0, '0000-00-00 00:00:00', '2023-07-29 07:05:14'),
(29, 'Magelang', 0, 'Magelang', 'magelang', 'Toko Bunga Online Di Magelang melayani Aneka Rangkaian Bunga Papan Duka Cita, Ucapan Selamat Pernikahan, Buket Bunga, Standing Flower Dan Karangan Bunga Lainnya', '<h2>Delovery Magelang - Toko Bunga Online #1</h2>\r\n<p>Delovery Magelang merupakan toko bunga online terpercaya yang menyediakan pemesanan produk rangkaian bunga yang beraneka ragam. Produk rangkaian bunga ini seperti buket bunga, flower box, standing flower, bunga papan, dan masih banyak yang lainnya. Selain itu, kami juga menyediakan berbagai macam pilihan produk lainnya, seperti kado, parcel, bingkisan bayi, kue ulang tahun, dan masih banyak produk lainnya. Dengan pengalaman menangani lebih dari 100 cabang di kota - kota yang tersebar di seluruh Indonesia, produk - produk kami telah terpercaya kualitasnya.</p>\r\n<p>Kami dapat membantu anda menyediakan produk - produk rangkaian bunga untuk berbagai kebutuhan, seperti buket bunga atau bunga papan untuk acara pernikahan, ucapan duka cita, peresmian kantor baru, perayaan hari raya, dan kebutuhan - kebutuhan lainnya. Delovery Magelang juga menyediakan sistem pemesanan secara online, anda dapat dengan mudah melakukan pemesanan dimana saja dan kapan saja hanya dengan bermodalkan smartphone dan jaringan internet.</p>\r\n<p>Untuk dapat melihat katalog produk kami, anda dapat mengunjungi halaman website kami. Apabila anda ingin mengetahui informasi lebih detail mengenai produk pilihan anda atau membutuhkan rekomendasi produk yang sesuai dengan budget anda, anda dapat menghubungi customer service kami via Whatsapp yang selalu siap melayani anda selama 24 jam. Pemesanan produk dapat anda lakukan melalui via Whatsapp, Website, Email, dan aplikasi - aplikasi lain yang ada di smartphone. Jadi, jangan ragu untuk memesan produk - produk kami dan nikmati layanan - layanan yang kami sediakan. Kami akan selalu siap sedia memberikan pelayanan yang terbaik untuk anda.</p>', 'Toko Bunga Online Di Magelang #1 Free Ongkir - Delovery Magelang', 'Toko Bunga Online Di Magelang Melayani Pemesanan Aneka Karangan Bunga Meliputi Bunga Papan, Buket Bunga, Standing Flower Dan Rangkaian Bunga Lainnya', 1, 0, 0, '0000-00-00 00:00:00', '2023-07-29 07:05:14'),
(30, 'Makassar', 0, 'Makassar', 'makassar', 'Toko Bunga Online Di Makassar melayani Aneka Rangkaian Bunga Papan Duka Cita, Ucapan Selamat Pernikahan, Buket Bunga, Standing Flower Dan Karangan Bunga Lainnya', '<h2>Delovery Makassar - Toko Bunga Online #1</h2>\r\n<p>Makassar merupakan sebuah kota yang berada di Provinsi Sulawesi Selatan. Menjadi kota metropolitan terbesar di wilayah Indonesia Timur, oleh karena itu Makassar sangat terkenal. Ada pula satu pantai yang cukup terkenal di Makassar yakni pantai Akkarena yang memiliki pemandangan senja yang sangat cantik. Dan ada pula wisata kerajaan kupu kupu di bantimurung yang sangat cocok jika didatangi bersama keluarga atau pasangan. Di Makassar Bunga kini sudah jadi salah satu elemen yang wajib ada di berbagai acara, baik itu pernikahan, pelantikan, peresmian, ulang tahun, anniversary hingga ke dukacita hampir semuanya menggunakan Rangkaian Bunga sebagai hiasannya.</p>\r\n<p>Sebagai toko bunga Online di yang terpercaya, Delovery Makassar hadir untuk membantu Anda untuk menyampaikan pesan anda melalui Rangkaian Bunga Papan Ucapan, Hand Bouquet / Bunga Tangan, Table Bouquet / Bunga Meja, Standing Flowers, Krans Bunga Segar, Karangan Buah, dll. Dengan service dan layanan pemesanan online selama 24 jam dan dukungan tim profesional.Toko Bunga Online Kami senantiasa berusaha memberikan layanan yang terbaik kepada setiap pelanggan.</p>\r\n<p>Toko Bunga Online Makassar Hadir Dengan cara pemesanan dan pembayaran yang mudah, harga kompetitif, model menarik serta pengiriman tepat waktu. Selain karangan bunga, toko bunga online kami juga menyediakan berbagai macam pilihan hadiah, kado, parcel, kue ulang tahun, atau bingkisan bayi. Delovery Makassar sebagai toko bunga online di Sulawesi dan sekitarnya akan memberikan Anda kepuasan extra, dengan kebebasan design dan rangkaian bunga yang dapat disesuaikan oleh budget dan keinginan Anda.</p>\r\n<p>Delovery Makassar selalu meningkatkan kualitas &amp; pelayanan terhadap customer sehingga Anda menjadi lebih nyaman &amp; tenang saat melakukan pemesanan di Toko Bunga Online Delovery. Segera hubungi customer kami dan pesan segera bunga favorit di moment spesialmu, kami siap kirim ke lokasi Balikpapan dan sekitarnya. Gratis biaya pengiriman untuk wilayah Makassar dan sekitarnya, Say it with flowers.</p>', 'Toko Bunga Online Di Makassar #1 Free Ongkir - Delovery Makassar', 'Toko Bunga Online Di Makassar Melayani Aneka Rangkaian Bunga Meliputi Bunga Papan, Buket Bunga, Standing Flower Dan Karangan Bunga Lainnya, FREE ONGKIR', 1, 0, 0, '0000-00-00 00:00:00', '2023-07-29 07:05:14'),
(31, 'Malang', 0, 'Malang', 'malang', 'Toko Bunga Online Di Malang melayani Aneka Rangkaian Bunga Papan Duka Cita, Ucapan Selamat Pernikahan, Buket Bunga, Standing Flower Dan Karangan Bunga Lainnya', '<h1>Delovery Malang - Toko Bunga Online #1</h1>\r\n<p>Terkenal dengan kota yang memiliki suhu dingin di wilayah Jawa Timur. Terkenal dengan kota apel karena malang memiliki buah apel khas yang bewarna hijau kecil dengan rasa asam manis yang sangat terkenal. Banyak sekali kuliner yang bisa ditemukan di kota Malang, hingga anda akan bingung jika berkunjung ke Malang. Selain itu Malang juga memiliki banyak tempat modis yang bisa dikunjungi bersama teman atau sahabat sebagai temoat nongkrong. Tidak hanya itu kota Malang juga memiliki beberapa wisata alam yang bisa ditempuh sekitar 1-2 jam dari pusat kota. Salah satu wisatanya yakni Taman Nasional Bromo Tenger Semeru, dengan nuansa alam dan udara yang asri sangat cocok menjadi tempat melepas penat dari rutinitas harian.</p>\r\n<p>Selain tempat wisatanya, Malang merupakan salah satu kota yang dipenuhi oleh mahasiswa, jadi tak heran jika banyak sekali remaja yang berada di kota ini. Orang memberikan hadiah berupa bunga adalah hal yang tidak asing lagi di Malang. Oleh karena itu jika anda ingin memberikan bunga kepada sahabat atau pasangan anda, bisa menemukan di <span style=\"text-decoration: underline;\"><a href=\"../../../malang\" target=\"_blank\" rel=\"noopener\">toko bunga malang</a></span> yaitu Delovery. Toko bunga ini secara online yang menyediakan <span style=\"text-decoration: underline;\"><a href=\"../../../malang\" target=\"_blank\" rel=\"noopener\">rangkaian bunga malang</a></span> dan banyak sekali barang atau hadiah yang dapat memenuhi kebutuhan anda. Selain itu, anda bisa menemukan berbagai jenis hadiah dimulai dari buoquet bunga, paper flower, flower box, cake, hingga parcel dan hampers bisa anda dapatkan di Meme <a href=\"../../../malang\" target=\"_blank\" rel=\"noopener\"><span style=\"text-decoration: underline;\">Florist Malang</span></a>.</p>\r\n<p>Delovery&nbsp;juga bisa membantu dalam menyediakan <span style=\"text-decoration: underline;\"><a href=\"../../../malang\" target=\"_blank\" rel=\"noopener\">karangan bunga Malang</a></span> untuk acara pernikahan, acara grand opening, dan yang lainnya. Anda bisa menemukan standing flower, bunga papan pernikahan, cake pernikahan, dan masih banyak lagi di Toko Bunga Online Malang ini. Delovery akan memberikan pelayanan kepada anda selama 24 jam dan dukungan dari tim yang profesional. Anda bisa melihat berbagai katalog di website Delovery Malang. Untuk anda yang akan memesan anda bisa langsung memesan melalui website. Tidak hanya website, kami juga menerima pesanan melalui whatsapp, email, dan berbagai aplikasi yang ada di smartphone anda. Dengan desain sesuai dengan keinginan anda, dan pelayanan terbaik dijamin anda akan merasa sangat nyaman. Jadi tunggu apalagi segera hubungi costumer service kami dan kami akan memberikan gratis ongkir untuk wilayah malang dan sekitarnya.</p>', 'Toko Bunga Malang Online #1 Free Ongkir - Delovery Malang', 'Delovery Malang Toko Bunga Malang Online Melayani Berbagai Rangkaian Bunga Malang Meliputi Buket Bunga, Bunga Papan, Standing Flower Dan Karangan Bunga Lainnya..', 1, 0, 0, '0000-00-00 00:00:00', '2023-07-29 07:05:14'),
(32, 'Manado', 0, 'Manado', 'manado', 'Toko Bunga Online Di Manado melayani Aneka Rangkaian Bunga Papan Duka Cita, Ucapan Selamat Pernikahan, Buket Bunga, Standing Flower Dan Karangan Bunga Lainnya', '<h2><strong>Toko Bunga Online Di Manado #1 Free Ongkir - Delovery Manado</strong></h2>\r\n<p>Bunga saat ini sudah lumrah digunakan untuk mewakili dari perasaan yang tak mampu disampaikan lewat kata-kata. Bagi anda yang ingin mengungkapkan perasaan anda kepada seseorang yang spesial melalui bunga segar dan cantik dari Delovery Manado. Delovery Manado hadir untuk membantu menyampaikan pesan spesial anda melalui bunga di kota Manado dan sekitarnya. Tersedia berbagai macam bunga untuk ucapan duka cita, selamat ulang tahun, selamat pernikahan, selamat atas kelahiran, peresmian gedung, pelantikan pejabat, perayaan valentine dan hari-hari spesial lainnya.</p>\r\n<p>Delovery Manado merupakan Toko Bunga Online terpercaya yang menjadi pilihan utama bagi masyarakat Manado dan sekitarnya untuk kebutuhan bunga di berbagai acara seperti pernikahan, Peresmian kantor, Ucapan Duka Cita, Perayaan Hari Raya, dan berbagai kebutuhan lainnya. Delovery Manado menyediakan berbagai rangkaian bunga segar seperti buket bunga, flower box, bunga papan dan rangkaian bunga lainnya. Kami selalu mengutamakan kebutuhan pelanggan akan kesegaran dan keindahan rangkaian bunganya dalam setiap pesan bunga yang kami kirimkan.</p>\r\n<p>Telah melayani lebih dari 100 kota di seluruh Indonesia. Delovery akan menjadi teman terbaik Anda dalam menyampaikan pesan melalui buket bunga atau bunga papan untuk berbagai acara. Anda dapat melakukan pemesanan bunga atau kado yang Anda butuhkan kapanpun dan dimanapun melalui pemesanan via website, Whatsapp, Email, dan berbagai aplikasi yang ada dalam smartphone Dengan service dan layanan pemesanan online selama 24 jam. Jangan biarkan momen spesial anda terlewatkan, Segera ungkapkan dengan berbagai rangkaian dan karangan bunga spesial dari Delovery Manado. Segera hubungi customer kami dan pesan segera, kami siap kirim ke lokasi Balikpapan dan sekitarnya.</p>', 'Toko Bunga Online Di Manado #1 Free Ongkir - Delovery Manado', 'Bunga Papan Di Manado dengan berbagai macam variasi bunga yang segar dengan harga terjangkau. Pemesanan Hubungi 08122883155..', 1, 0, 0, '0000-00-00 00:00:00', '2023-07-29 07:05:14'),
(33, 'Medan', 0, 'Medan', 'medan', 'Toko Bunga Online Di Medan melayani Aneka Rangkaian Bunga Papan Duka Cita, Ucapan Selamat Pernikahan, Buket Bunga, Standing Flower Dan Karangan Bunga Lainnya', '<h2>Toko Bunga Online Di Medan - Delovery Medan #1</h2>\r\n<p>Apabila mendengar kata bunga kita pasti akan teringat dengan hari valentine atau hal - hal yang berhubungan dengan pasangan. Padahal bunga tidak hanya digunakan untuk sekedar menyatakan perasaan cinta atau kasih sayang. Bunga dapat digunakan sebagai tanda belasungkawa atau ungkapan selamat. Jadi, fungsi bunga ini sangatlah flexible dan dapat digunakan untuk berbagai kebutuhan. Dengan buket bunga yang disusun dengan indah, perasaan anda akan tersampaikan dengan lebih baik.</p>\r\n<p>Berbicara mengenai buket bunga, Delovery Medan merupakan pilihan yang tepat. Delovery Medan telah terpercaya menangani berbagai macam klien dengan kebutuhan yang beragam di daerah Medan dan sekitarnya. Produk rangkaian bunga seperti buket bunga, flower box, bunga papan, dan masih banyak produk lainnya, semua tersedia disini. Selain rangkaian bunga, Delovery Medan juga menyediakan macam - macam pilihan hadiah seperti kado, parcel, bingkisan bayi, kue ulang tahun, dan masih banyak produk lainnya.</p>\r\n<p>Harga seringkali menjadi pertimbangan penting ketika kita akan membeli sebuah barang atau produk. Namun, anda tidak perlu khawatir mengenai harga produk di Delovery Medan. Produk - produk yang ada disini dijual dengan harga yang bervariasi. Jadi, anda dapat memilih produk yang sesuai dengan budget anda. Pemesanan produk dapat anda lakukan kapan saja dan dimana saja melalui layanan pemesanan via Whatsapp yang selalu siap melayani selama 24 jam. Segera lakukan pemesanan produk - produk kami, kami siap melayani dan mengantarkan pesanan anda ke berbagai wilayah di Medan dan sekitarnya.</p>', 'Toko Bunga Online Di Medan #1 Free Ongkir - Delovery Medan', 'Toko Bunga Online Di Medan Yang Menyediakan Aneka Rangkaian Bunga Meliputi Bunga Papan, Buket Bunga, Standing Flower Dan Karangan Bunga Lainnya', 1, 0, 0, '0000-00-00 00:00:00', '2023-07-29 07:05:14'),
(34, 'Padang', 0, 'Padang', 'padang', 'Toko Bunga Online Di Padang melayani Aneka Rangkaian Bunga Papan Duka Cita, Ucapan Selamat Pernikahan, Buket Bunga, Standing Flower Dan Karangan Bunga Lainnya', '<h2>Delovery Padang - Toko Bunga Online #1</h2>\r\n<p>Padang merupakan ibu kota dari provinsi Sumatra Barat dan juga merupakan kota terbesar yang ada di pesisir barat pantai Sumatra. Kota padang dulu nya hanya terkenal sebagai kota perdagangan yang memiliki sebuah cerita Malin Kundang dan juga Siti Nurbaya. Tapi diluar dari itu semua padang merupakan kota yang menyimpan pesona tempat wisata yang akan memanjakan mata anda. Tempat utama dan yang wajib anda kunjungi ketika berada di kota Padang yakni Jam Gadang yang menjadi ikon dari Sumatra Barat. Tempat ini memiliki nilai sejarah yang sangat tinggi, tak heran banyak orang yang menjadikan tempat ini sebagai destinasi berburu foto. Selain itu di Padang juga terdapat salah satu danau terluas di Indonesia setelah danau Toba yakni danau Singkarak. Danau Singkarak merupakan danau terbesar kedua setelah danau Toba dan memiliki panorama alam yang sangat indah dinikmati.</p>\r\n<p>Saat pergi ketempat wisata seperti nya paling menyenangkan jika pergi bersama orang yang di sayang. Salah satunya adalah pasangan, menikmati berbagai panorama bersama pasangan merupakan hal yang sangat berkesan. Di momen yang berkesan seperti ini merupakan sebuah momen yang tepat memberikan kejutan kepada pasangan. Kejutan berupa ucapan terimakasih atau sekedar ungkapan rasa sayang. Hal ini bisa dengan memberi bunga atau sekedar pelukan hangat. Anda bisa mempersiapkan kejutan dengan memesan di Delovery Padang. Anda bisa memesan berbagai rangkaian bunga, parcel, hampers, dan juga cake yang bisa menjadi alternatif lain sebagai hadiah kejutan kepada pasangan anda.</p>\r\n<p>Untuk pemesanan anda hanya perlu membuka website Delovery Padang dan memesan melalui website. Atau jika anda memiliki pertanyaan atau desain sendiri anda bisa memesan melalui whatsapp atau email. Kami akan melayani anda dengan pelayanan terbaik selama 24 jam. Kami juga akan membuatkan pesanan anda sebaik mungkin dengan bantuan tim profesional Delovery Padang. Hanya berada dirumah, memesan melalui gadget, dan menunggu barang datang adalah hal yang sangat mudah dilakukan. Kami akan memberikan gratis ongkir untuk anda yang berada di wilayah Padang dan sekitarnya. Jadi anda tidak perlu khawatir lagi mengenai ongkir, dan barang pesanan anda akan sampai dengan selamat sampai tujuan.</p>', 'Toko Bunga Online Di Padang #1 Free Ongkir - Delovery Padang', 'Toko Bunga Online Di Padang Yang Menyediakan Aneka Rangkaian Bunga Meliputi Standing Flower, Bunga Papan, Buket Bunga Dan Karangan Bunga Lainnya', 1, 0, 0, '0000-00-00 00:00:00', '2023-07-29 07:05:14'),
(35, 'Palangkaraya', 0, 'Palangkaraya', 'palangkaraya', 'Toko Bunga Online Di Palangkaraya melayani Aneka Rangkaian Bunga Papan Duka Cita, Ucapan Selamat Pernikahan, Buket Bunga, Standing Flower Dan Karangan Bunga Lainnya', '<h2><strong>Toko Bunga Online Di Palangkaraya #1 Free Ongkir - Delovery Palangkaraya</strong></h2>\r\n<p>Kadang kata - kata saja tidak mampu untuk menyampaikan semua perasaan yang kita ingin sampaikan. Bunga dapat menjadi option pilihan anda untuk menyampaikan perasaan anda. Anda dapat menyampaikan perasaan anda kepada orang yang spesial melalui bunga yang indah dan segar dari Delovery Palangkaraya. Delovery Palangkaraya akan membantu anda menyampaikan pesan spesial anda melalui berbagai macam pilihan bunga. Mulai dari bunga untuk ucapan selamat ulang tahun, selamat pernikahan, peresmian gedung, ucapan duka cita, pelantikan pejabat, selamat atas kelahiran, dan hari - hari spesial lainnya.</p>\r\n<p>Delovery Palangkaraya telah terpercaya menjadi pilihan utama bagi masyarakat Palangkaraya dan sekitarnya. Delovery Parangkaya menyediakan berbagai macam pilihan rangkaian bunga seperti buket bunga, bunga papan, flower box, dan rangkaian - rangkaian bunga lainnya. Selain menyediakan rangkaian bunga, kami juga menyediakan berbagai macam pilihan hadiah, kado, parcel, kue ulang tahun, dan bingkisan bayi. Dengan service dan layanan pemesanan online selama 24 jam serta didukung dengan tim yang profesional, Delovery Palangkaraya akan senantiasa terus berusaha memberikan layanan yang terbaik kepada semua pelanggan.</p>\r\n<p>Anda tidak perlu khawatir mengenai biaya atau budget yang perlu anda keluarkan. Delovery Palangkaraya menyediakan berbagai macam produk bunga dengan harga beragam yang dapat anda sesuaikan dengan budget yang anda miliki. Anda dapat melakukan pemesanan dimana saja dan kapan saja melalui pemesanan via website, Whatsapp, Email, dan berbagai macam aplikasi yang ada dalam smartphone. Jadi, jangan ragu untuk menikmati semua layanan yang ada di Delovery Palangkaraya. Segera lakukan pemesanan bunga favorit untuk momen spesial anda, kami selalu siap mengirimkan pesanan anda ke berbagai wilayah di Palangkaraya dan sekitarnya.</p>', 'Toko Bunga Online Di Palangkaraya #1 Free Ongkir - Delovery Palangkaraya', 'Toko Bunga Online Di Palangkaraya melayani Aneka Rangkaian Bunga Papan Duka Cita, Ucapan Selamat Pernikahan, Buket Bunga, Standing Flower Dan Karangan Bunga Lainnya', 1, 0, 0, '0000-00-00 00:00:00', '2023-07-29 07:05:14'),
(36, 'Palembang', 0, 'Palembang', 'palembang', 'Toko Bunga Online Di Palembang melayani Aneka Rangkaian Bunga Papan Duka Cita, Ucapan Selamat Pernikahan, Buket Bunga, Standing Flower Dan Karangan Bunga Lainnya', '<h2>Delovery Palembang - Toko Bunga Online #1</h2>\r\n<p>Palembang merupakan sebuah kota yang sudah tidak asing lagi di telinga warga indonesia. Kota palembang merupakan ibukota dari provinsi Sumatera Selatan dan meruapakan kota terbesar yang ada di Sumatra setelah medan. Saat ini palembang sudah berkembang dalam hal infrastruktur dan juga ekonominya. Kota ini pernah mencatat sejarah menjadi ibukota kerajaan bahari Buddha terbesar di Asia Tenggara pada masanya. Kota ini memiliki keindahan alam yang sangat menarik untuk dijadikan tempat wisata ketika anda sedang merasa bosan dirumah. Terdapat satu temoat di Palembang yang sangat terkenal dan wajib dikunjungi ketika anda datang ke Palembang. Tempat tersebut ialah jembatan Ampera dan juga sungai Musi. Jembatan ini sengaja di bangun untuk menghargai jasa mantan presiden Indonesia yang pertama yaitu Ir Soekarno.</p>\r\n<p>Jembatan ini memiliki pemandangan yang sangat indah ketika malam tiba. Dimana warna warni lampu kota yang menerangi dapat terlihat dari jembatan dan jika dilihat dari bawah pemandangan langit dan lampu yang terletak dijembatan menambah keindahan jembatan ini. Di palembang pula terdapat wisata baru yang berupa sebuah taman bunga celosia.</p>\r\n<p>Bunga merupakan hal yang menawan dan indah, apalagi dengan berbagai warna yang dimiliki bunga. Bunga juga kerap kali menjadi buah tangan atau hadiah untuk mengutarakan perasaan atau menyampaikan pesan. Jika anda sedang berada dipalembang dan ingin mengutarakan perasaan ke seseorang yang anda sayangi menggunakan bunga. Anda bisa mendapatkannya di Delovery palembang, disini terdapat berbagai jenis rangkaian bunga dengan bermacam macam bunga. Selain itu terdapat juga paper flower, bunga papan, flower box, parcel, hampers, dan juga cake. Delovery Palembang menyediakan berbagai barang untuk anda menyampaikan perasaan anda ke orang yang anda sayangi.</p>\r\n<p>Anda bisa langsung melihat berbagai katalog bunga di website Delovery Palembang. Selain itu anda bisa memesan langsung melalui website setelah memilih katalog bunga yang anda inginkan. Untuk request desain sesuai dengan keinginan anda, anda bisa langsung menanyakannya melalui whatsapp ataupun email. Kami akan senantiasa memberikan pelayanan terbaik 24 jam untuk anda. Dan kami juga memberikan free ongkir untuk anda yang berada di wilayah Palembang dan sekitarnya. Say it with flower.</p>', 'Toko Bunga Online Di Palembang #1 Free Ongkir - Delovery Palembang', 'Toko Bunga Online Di Palembang Yang Menyediakan Berbagai Rangkaian Bunga Meliputi Bunga Papan, Buket Bunga, Standing Flower Dan Karangan Bunga Lainnya', 1, 0, 0, '0000-00-00 00:00:00', '2023-07-29 07:05:14'),
(37, 'Pekalongan', 0, 'Pekalongan', 'pekalongan', 'Toko Bunga Online Di Pekalongan melayani Aneka Rangkaian Bunga Papan Duka Cita, Ucapan Selamat Pernikahan, Buket Bunga, Standing Flower Dan Karangan Bunga Lainnya', '<h2>Delovery Pekalongan - Toko Bunga Online #1</h2>\r\n<p>Sebagai kota yang berada di kawasan jalur patura yang menghubungkan langsung Jakarta-Semarang-Surabaya, Pekalongan merupakan sebuah kota yang tidak kalah ramai dari ibukota Jawa Tengah yakni Semarang. Pekalongan juga berbatasan langsung dengan Laut Jawa maka tak heran jika Pekalongan memiliki banyak wisata pantai. Pekalongan sudah dikenal banyak orang dengan kerajinan khasnya yakni batik. Pekalongan pula disebut dengan kota batik dikarenakan batik dari pekalongan memiliki ciri khasnya tersendiri yang membuatnya tampak lebih digemari. Kota yang satu ini pula memiliki adat dan kebudayaan Jawa yang sangat kental. Jadi jangan heran jika anda sedang berkunjung ke Pekalongan dan menemukan beberapa ritual seperti sedekah Bumi, syawalan, dan masih banyak lagi.</p>\r\n<p>Adat pernikahan yang ada di Pekalongan pun ada urutannya tersendiri, dimulai dari nakoke, nyangsani, pasrahan tukon, lamaran, tukar cincin, dan barulah tiba saatnya akad. Acara pernikahan pasti tidak jauh dari hiasan seperti standing flower, bunga papan selamat datang, paper flower foto pasangan, dan juga bunga sebagai hiasan panggung pelamin. Namun dimana anda bisa menemukan bunga untuk perlengkapan hari spesial anda? Tenang saja Delovery Pekalongan hadir untuk anda. Delovery Pekalongan menyediakan berbagai rangkaian bunga yang akan mempercantik suasana pernikahan anda. Tidak hanya bunga Delovery juga menyediakan parcel dan hampers untuk seserahan, dan juga cake untuk pernikahan anda. Di Delovery Pekalongan anda juga bisa memesan berbagai bunga papan dengan berbagai jenis.</p>\r\n<p>Tenang saja, tidak hanya pernikahan Delovery Pekalongan menyediakan rangkaian bunga sesuai dengan pesanan anda. Anda bisa memberikan kepada pasangan, hadiah wisudah, atau yang lainnya. Cara pemesanannya pun sangat mudah anda hanya perlu membuka website dari Delovery kemudian memilih sesuai dengan katalog yang tersedia dan bisa langsung memesan melalui website. Tidak hanya itu jika anda ingin membuat berbagai desain rangkaian atau cake anda bisa melakukan pemesanan melalui whatsapp, email, dan berbagai aplikasi lain di ponsel anda. Kami juga akan memberikan gratis ongkir untuk anda yang berada di wilayah Pekalongan dan sekitarnya. Sangat mudah bukan? Hanya duduk dirumah dan menunggu pesanan datang. Lets order</p>', 'Toko Bunga Online Di Pekalongan #1 Free Ongkir - Delovery Pekalongan', 'Toko Bunga Online Di Pekalongan melayani Aneka Rangkaian Bunga Papan Duka Cita, Ucapan Selamat Pernikahan, Buket Bunga, Standing Flower Dan Karangan Bunga Lainnya', 1, 0, 0, '0000-00-00 00:00:00', '2023-07-29 07:05:14'),
(38, 'Pekanbaru', 0, 'Pekanbaru', 'pekanbaru', 'Toko Bunga Online Di Pekanbaru melayani Aneka Rangkaian Bunga Papan Duka Cita, Ucapan Selamat Pernikahan, Buket Bunga, Standing Flower Dan Karangan Bunga Lainnya', '<h2><strong>Toko Bunga Online Di Pekanbaru #1 Free Ongkir - Delovery Pekanbaru</strong></h2>\r\n<p><span style=\"font-weight: 400;\">Setiap jenis bunga memiliki makna dan arti yang berbeda - beda. Bahkan bunga dengan jenis yang sama namun dengan warna yang berbeda memiliki makna atau arti yang berbeda pula. Ada bunga yang bermakna keindahan, empati, kemakmuran, ucapan selamat, ucapan duka, kasih sayang, dan lain sebagainya. Bunga dapat menjadi pilihan yang tepat bagi anda yang memiliki kesulitan untuk menyatakan perasaan anda. Delovery Pekanbaru akan membantu anda menyampaikan perasaan atau pesan spesial anda melalui buket bunga yang dirangkai dengan indah.</span></p>\r\n<p><span style=\"font-weight: 400;\">Delovery Pekanbaru merupakan toko bunga online yang telah terpercaya menangani banyak sekali klien dengan berbagai macam kebutuhan di daerah Pekanbaru dan sekitarnya. Kami menyediakan berbagai macam pilihan produk mulai dari buket bunga, flower box, karangan bunga papan untuk ucapan selamat atau duka cita, dan berbagai macam bentuk rangkaian bunga lainnya. Tidak hanya itu, Delovery Pekanbaru juga menyediakan berbagai macam pilihan hadiah lainnya, seperti kado, kue ulang tahun, bingkisan bayi, parcel, dan produk - produk lainnya.</span></p>\r\n<p><span style=\"font-weight: 400;\">Produk - produk diatas dijual dengan harga yang bervariasi. Jadi, anda dapat memilih produk yang sesuai dengan budget anda. Pemesanan dapat anda lakukan melalui layanan pemesanan via whatsapp yang dapat anda hubungi selama 24 jam. Tim customer service selalu siap membantu dan memberikan saran terbaik untuk anda. Jadi, jangan ragu untuk melakukan pemesanan di Delovery Pekanbaru. Anda dapat membuka website kami untuk memilih model bunga yang ada di katalog yang kami sediakan. Untuk informasi lebih lengkap mengenai produk, anda dapat menanyakannya kepada kami via whatsapp. Kami akan selalu senantiasa memberikan pelayanan terbaik bagi anda.</span></p>', 'Toko Bunga Online Di Pekanbaru #1 Free Ongkir - Delovery Pekanbaru', 'Kini telah hadir Delovery di Pekanbaru. Kami siap melayani pembelian dan pemesanan produk dari meme florist yang Anda inginkan, online selama 24 jam.', 1, 0, 0, '0000-00-00 00:00:00', '2023-07-29 07:05:14'),
(39, 'Pematang Siantar', 0, 'Pematang Siantar', 'pematang-siantar', 'Toko Bunga Online Di Pematang Siantar melayani Aneka Rangkaian Bunga Papan Duka Cita, Ucapan Selamat Pernikahan, Buket Bunga, Standing Flower Dan Karangan Bunga Lainnya', '<h2>Delovery Pematang Siantar - Toko Bunga Online #1</h2>\r\n<p>Nama kota ini pasti sangat asing di telinga anda yang bertempat tinggal diluar provinsi Sumatera Utara. Pematang Siantar merupakan kota terbesar setelah Medan yang ada di Provinsi Sumatera Utara. Kota yang satu ini memang memiliki letak yang sangat strategis, dimana dilintasi oleh jalur lintas Sumatera. Jadi tak heran jika kota ini cukup ramai dan menjadi salah satu kota terpadat di Sumatera Utara. Pematang Siantar memiliki sebuah patung tertinggi se-Asia Tenggara, yakni patung Dewi Kwan Im. Tidak hanya itu kota ini juga memiliki banyak lokasi wisata dan juga kuliner yang harus dicoba ketika anda berkunjung ke kota ini. Oleh karena itu tak heran jika Pematang Siantar menjadi destinasi wisata yang banyak dikunjungi wisatawan lokal maupun manca negara.</p>\r\n<p>Jika anda yang bukan penduduk asli Pematang Siantar dan ingin berkunjung ke Danau Toba pastikan anda mampir ke kota yang satu ini. Dan anda yang menetap di Pematang Siantar tentu saja sudah mengetahui betapa indahnya pemandangan Danau Toba. Anda bisa mengajak pasangan anda menikmati pemandangan di danau Toba sambil menikmati angin sore yang segar. Momen ini juga pas jika anda ingin memberikan sebuah hadiah sebagai ungkapan kasih sayang, atau bisa juga hadiah annyversary. Anda bisa menghadiahkan flower box atau bouquet bunga dari Delovery Pematang Siantar kepada pasangan anda. Bunga yang disusun dengan cantik oleh tim profesional dari Delovery pasti akan membuat pasangan anda merasa senang. Anda juga bisa memberikan tambahan coklat atau boneka beruang kecil sebagai pelengkap bunga tersebut.</p>\r\n<p>Tidak hanya bouquet bunga dan fower box, Delovery Pematang Siantar juga menyediakan berbagai bentuk bunga papan, standing flower, paper flower, cake, hingga parcel dan hampers. Jadi tidak hanya hadiah annyversary, anda juga bisa memberikan kue ulang tahun kepada pasangan anda dari Delovery. Untuk anda yang ingin melihat katalog, anda bisa langsung mengunjungi website Delovery. Dan jika anda ingin memesan anda bisa memesan langsung melalui website atau anda juga bisa memesan melalui whatsapp dan juga email. Jadi tunggu apalagi? Lest order.</p>', 'Toko Bunga Online Di Pematang Siantar #1 Free Ongkir - Delovery Pematang Siantar', 'Toko Bunga Online Di Pematang Siantar Yang Menyediakan Aneka Rangkaian Bunga Meliputi Bunga Papan, Buket Bunga, Standing Flower Dan Karangan Bunga Lainnya', 1, 0, 0, '0000-00-00 00:00:00', '2023-07-29 07:05:14'),
(40, 'Salatiga', 0, 'Salatiga', 'salatiga', 'Toko Bunga Online Di Salatiga melayani Aneka Rangkaian Bunga Papan Duka Cita, Ucapan Selamat Pernikahan, Buket Bunga, Standing Flower Dan Karangan Bunga Lainnya', '<h2>Delovery Salatiga - Toko Bunga Online #1</h2>\r\n<p>Delovery Salatiga merupakan sebuah toko bunga online yang melayani pemesanan berbagai produk rangkaian bunga. Rangkaian bunga untuk hadiah wisuda, hadiah ulang tahun, acara pernikahan, ucapan duka cita dan masih banyak lagi. banyak produk yang tersedia di Delovery Salatiga seperti flower box, bouquet bunga, hand bouquet, paper flower, bunga papan, dan masih banyak rangkaian bunga lainnya. Tidak hanya rangkaian bunga di Delovery Salatigas juga menyediakan berbagai parcel, bingkisan bayi, hampres, kue ulang tahun, wedding cake, dan berbagainya.</p>\r\n<p>Delovery Salatigas sudah menjadi toko bunga online yang dipercaya melayani berbagai macam produk dengan berbagai kebutuhan. Melakukan pemesanan di Delovery Salatiga tidak lah sulit, karena anda bisa memesan dimana saja dan kapan saja. Hanya memerlukan sebuah ponsel dan jaringan internet anda sudah bisa memesan berbagai produk yang tersedia di Delovery Salatiga. Anda bisa memesan melalui website, whatsapp, email, dan berbagai aplikasi yang ada di ponsel pintar anda. Sangat mudah bukan? Ada berbagai katalog produk yang sudah tersedia di website Delovery Salatiga. Berbagai katalog tersebut bisa anda pilih dan langsung anda pesan.</p>\r\n<p>Salatiga merupakan sebuah kota kecil yang terletak di Jawa Tengah, kota ini terkenal sebagai kota yang digunakan sebagai tempat peristirahatan. Itu dikarenakan salatiga memiliki hawa yang sejuk, dan juga banyak bangunan kuno belanda yang bertahan hingga sekarang. Pemerintahan Salatiga memanfaatkan bangunan tersebut sebagai upaya dalam melestarikan bangunan peninggalan belanda tersebut. Jika anda berkunjung ke kota ini anda bisa menemukan banyak sekali tempat wisata, seperti situs budaya, situs bersejarah, spot foto, hingga air terjun yang memanjakan mata anda.</p>', 'Toko Bunga Online Di Salatiga #1 Free Ongkir - Delovery Salatiga', 'Toko Bunga Online Di Salatiga Menyediakan Aneka Rangkaian Bunga Meliputi Bunga Papan, Buket Bunga, Standing Flower Dan Karangan Bunga Lainnya GRATIS ONGKIR', 1, 0, 0, '0000-00-00 00:00:00', '2023-07-29 07:05:14'),
(41, 'Samarinda', 0, 'Samarinda', 'samarinda', 'Toko Bunga Online Di Samarinda melayani Aneka Rangkaian Bunga Papan Duka Cita, Ucapan Selamat Pernikahan, Buket Bunga, Standing Flower Dan Karangan Bunga Lainnya', '<h2>Toko Bunga Online Samarinda - Delovery Samarinda #1</h2>\r\n<p>Delovery Samarinda merupakan toko bunga online yang melayani pemesanan produk rangkaian bunga untuk kebutuhan acara pernikahan, ucapan duka cita, perayaan hari raya, acara ulang tahun, perayaan hari anniversary, dan kebutuhan - kebutuhan lainnya. Produk rangkaian bunga ini sangat beraneka ragam, seperti buket bunga, flower box, bunga papan, dan produk - produk rangkaian bunga lainnya. Selain itu, toko bunga online kami juga menyediakan pilihan produk lain, seperti kado, bingkisan bayi, parcel, kue ulang tahun, dan masih banyak yang lainnya.</p>\r\n<p>Delovery Samarinda telah terpercaya menangani berbagai macam klien dengan kebutuhan yang beraneka ragam. Pemesanan produk dapat anda lakukan kapan saja dan dimana saja, hanya dengan bermodalkan smartphone dan jaringan internet. Jadi, pemesanan dapat dilakukan dengan cepat, mudah, dan dapat menghemat lebih banyak waktu. Pemesanan dapat dilakukan via Email, Website, Whatsapp, dan aplikasi - aplikasi lain yang ada di smartphone. Anda dapat melihat katalog produk yang ada di website kami. Apabila anda ingin mengetahui lebih lanjut mengenai detail produk atau membutuhkan saran produk mana yang harus dipilih, anda dapat menghubungi customer service kami yang selalu siap sedia melayani anda selama 24 jam.</p>\r\n<p>Dengan pengalaman menangani lebih dari 100 cabang yang tersebar di kota - kota di Indonesia, Delovery Samarinda akan membantu anda menyampaikan perasaan atau pesan spesial anda. Produk - produk buatan kami telah terjamin kualitasnya dan memiliki harga yang bervariasi. Jadi, anda tidak perlu khawatir mengenai budget yang harus anda keluarkan. Anda dapat menyesuaikan jumlah budget yang anda miliki dengan produk rangkaian bunga dan hadiah yang kami tawarkan. Jadi, jangan ragu untuk menikmati semua layanan yang kami sediakan. Kami akan selalu senantiasa memberikan pelayanan yang terbaik untuk anda.</p>', 'Toko Bunga Online Di Samarinda #1 Free Ongkir - Delovery Samarinda', 'Bunga Papan Di Samarinda dengan berbagai macam variasi bunga yang segar dengan harga terjangkau. Pemesanan Hubungi 08122883155..', 1, 0, 0, '0000-00-00 00:00:00', '2023-07-29 07:05:14'),
(42, 'Serang', 0, 'Serang', 'serang', 'Toko Bunga Online Di Serang melayani Aneka Rangkaian Bunga Papan Duka Cita, Ucapan Selamat Pernikahan, Buket Bunga, Standing Flower Dan Karangan Bunga Lainnya', '<h2>Delovery Serang - Toko Bunga Online #1</h2>\r\n<p>Kadang memilih hadiah menjadi hal yang sulit dilakukan dan memakan waktu yang cukup lama. Padahal sebuah hadiah tidak harus mewah atau memiliki harga yang mahal. Hadiah yang simple dan berarti seperti buket bunga dapat menjadi pilihan yang tepat. Selain memiliki harga yang terjangkau, buket bunga juga tersedia dalam berbagai macam jenis dan bentuk. Anda dapat memilih buket bunga yang sesuai dengan perasaan atau pesan yang ingin anda sampaikan. Baik itu untuk menyatakan perasaan cinta, ucapan duka cita, ucapan selamat, atau pesan - pesan lainnya.</p>\r\n<p>Ketika berbicara tentang buket bunga, pastinya kita tidak dapat lepas dari yang namanya toko bunga. Bagi anda yang malas atau tidak memiliki cukup waktu untuk datang langsung ke toko bunga, Delovery Serang dapat menjadi pilihan anda. Delovery Serang merupakan toko bunga online yang telah terpercaya menangani berbagai macam kebutuhan klien di daerah Serang dan sekitarnya. Delovery Serang menyediakan berbagai macam pilihan produk rangkaian bunga seperti buket bunga, bunga papan, flower box, standing flower, dan masih banyak yang lainnya. Bukan hanya itu, kami juga menyediakan pilihan produk lain, seperti kue ulang tahun, kado, bingkisan bayi, parcel, dan produk - produk lainnya.</p>\r\n<p>Produk - produk yang disediakan disini memiliki harga yang bervariasi. Jadi, anda dapat memilih produk yang sesuai dengan budget yang anda miliki. Untuk katalog produk, anda dapat melihatnya di website kami. Apabila anda ingin mengetahui lebih lanjut mengenai informasi produk atau rekomendasi produk yang perlu anda pilih, anda dapat menghubungi customer service kami via Whatsapp yang selalu siap melayani selama 24 jam. Pemesanan produk dapat anda lakukan melalui Email, Whatsapp, Website, dan aplikasi - aplikasi lain yang ada di smartphone. Kami akan senantiasa selalu memberikan pelayanan yang terbaik untuk anda.</p>', 'Toko Bunga Online Di Serang #1 Free Ongkir - Delovery Serang', 'Toko Bunga Online Di Serang melayani Aneka Rangkaian Bunga Papan Duka Cita, Ucapan Selamat Pernikahan, Buket Bunga, Standing Flower Dan Karangan Bunga Lainnya', 1, 0, 0, '0000-00-00 00:00:00', '2023-07-29 07:05:14'),
(43, 'Sidoarjo', 0, 'Sidoarjo', 'sidoarjo', 'Toko Bunga Online Di Sidoarjo melayani Aneka Rangkaian Bunga Papan Duka Cita, Ucapan Selamat Pernikahan, Buket Bunga, Standing Flower Dan Karangan Bunga Lainnya', '<h2>Delovery Sidoarjo - Toko Bunga Online #1</h2>\r\n<p>Momen bertambahnya usia menjadi lebih dewasa adalah suatu momen yang bagi banyaknya orang merupakan momen yang spesial. Momen dimana bertambahnya usia, dan harus menjadi lebih baik dibandingkan sebelumnya. Di momen ulang tahun biasanya kita akan mendapatkan banyak doa dari orang orang yang kita kenal. Mungkin sahabat. Kerabat, atau orang terdekat akan memberikan sebuah kejutan yang akan menjadikan hari tersebut sangat berarti bagi kita. Banyak orang akan merasa mendapat perhatian lebih di hari ulang tahunnya. Jika ternyata tidak ada yang mengingat ulang tahun anda, anda tidak perlu sedih karena anda bisa merayakannya dengan diri sendiri. Sebagai bentuk self love, anda bisa menghabiskan waktu berpergian sendiri menikmati masa bersama diri sendiri. Bisa juga memberikan hadiah kepada diri sendiri sebagai bentuk self award karena sudah mampu kuat hingga sebesar sekarang.</p>\r\n<p>Atau ketika teman anda sedang berulang tahun dan anda bingung harus memberikan hadiah apa? Tenang saja Delovery Sidoarjo hadir untuk anda. Untuk anda yang bingung harus memberikan hadiah apa, anda bisa memberikan kue ulang tahun sebagai hadiah. Delovery Sidoarjo menyediakan berbagai kue ulangtahun dengan berbagai jenis design. Tidak hanya kue ulang tahun, anda juga bisa mendapatkan hadiah berupa flower box, bouquet bunga, dan hampers untuk hadiah. Bukan hanya untuk acara ulang tahun Delovery Sidoarjo juga menyediakan berbagai rangkaian bunga untuk acara wisuda, pernikahan, grand opening, ataupun rangkaian bunga untuk acara duka cita.</p>\r\n<p>Anda bisa melihat berbagai produk dari Delovery melalui katalog yang sudah tersedia di website Delovery. Disana terdapat banyak sekali rekomendasi rangkaian bunga dan cake untuk momen spesial anda. Untuk pemesanan juga sangat mudah dan simpel, anda bisa memesan melalui website langsung. Atau selain website anda juga bisa memesan melalui whastapp, email, dan berbagai aplikasi di ponsel anda. Sangat mudah bukan? Tunggu apalagi, lengkapi momen spesialmu bersama produk dari Delovery Sidoarjo. Lets order.</p>', 'Toko Bunga Online Di Sidoarjo #1 Free Ongkir - Delovery Sidoarjo', 'Toko Bunga Online Di Sidoarjo Yang Menyediakan Aneka Rangkaian Bunga Meliputi Buket Bunga, Bunga Papan, Standing Flower Dan Karangan Bunga Lainnya\r\n', 1, 0, 0, '0000-00-00 00:00:00', '2023-07-29 07:05:14'),
(44, 'Sleman', 0, 'Sleman', 'sleman', 'Toko Bunga Online Di Sleman melayani Aneka Rangkaian Bunga Papan Duka Cita, Ucapan Selamat Pernikahan, Buket Bunga, Standing Flower Dan Karangan Bunga Lainnya', '<h2>Delovery Sleman - Toko Bunga Online #1</h2>\r\n<p>Merupakan sebuah wilayah kabupaten di daerah istimewa Yogyakarta. Sleman merupakan sebuah kabupaten yang terkenal dengan pengahsil salak terbesar di Indonesia. Salak merupakan buah dengan kulit bersisik mirip kulit ular. Memiliki perpaduan rasa manis dan asam menjadikan buah ini sangat sedap dijadikan sebagai cemilan. Oleh karena rasanya yang khas tersebut, wisatawan yang berkunjung ke sleman pasti menjadikan buah salak sebagai buah tanga ketika pulang ke daerahnya. Salak yang terkenal dari sleman yakni salak pondoh yang sudah tersebar ke suluruh penjuru indonesia hingga di ekspor keluar negeri melalui cina. Bauh yang satu ini juga memiliki banyak manfaat bagi penernaan, selain itu kulitnya juga bisa di oleh menjadi obat diare.</p>\r\n<p>Jika anda berkunjung ke sleman pastikan anda tidak melewatkan agrowisata puri. Disana anda bisa secara langsung melihat pohon salak yang berjejer dan bahkan anda bisa memetik salah secara langsung dari pohonnya. Buah salak ternyata memiliki bentuk bunga yang sangat unik. Bentuknya hampir sama dengan jagung dan memiliki 2 jenis bunga, yakni bunga jantan dan betina yang memiliki warna yang berbeda pula. Berbicara mengenai bunga, pasti kita sudah sangat sering menemui berbagai jenis bunga yang tumbuh di sekitaran rumah. Bunga juga sering kali dijadikan sebagai hadiah kepada pasangan tersayang. Jika anda ingin mendapatkan berbagai rangkaian bunga untuk pasangan, teman, atau keluarga anda. Anda bisa mendapatkanya di Delovery Sleman.</p>\r\n<p>Tidak hanya rangkaian bunga Delovery Sleman juga menyediakan berbagai jenis bunga papan, cake, hingga parcel dan hampers. Dan berbagai rangkaian bunga tersebut terdiri dari flower box, paper flower, standing flower, hand bouquet, dan juga table bouquet. Jadi anda tidak perlu susah lagi mencari berbagai rangkaian bunga untuk hadiah atau untuk menyampaikan pesan anda. Delovery Sleman memiliki apa yang anda butuhkan. Jadi tunggu apa lagi, buka website Delovery Sleman dan segera memesan. Tidak hanya melalui website anda juga bisa memesan melalui whatsapp, email, ataupun apikasi lainnya di ponsel anda. Say it with flower and lets order.</p>', 'Toko Bunga Online Di Sleman #1 Free Ongkir - Delovery Sleman', 'Toko Bunga Online Di Sleman melayani Aneka Rangkaian Bunga Papan Duka Cita, Ucapan Selamat Pernikahan, Buket Bunga, Standing Flower Dan Karangan Bunga Lainnya', 1, 0, 0, '0000-00-00 00:00:00', '2023-07-29 07:05:14');
INSERT INTO `city` (`id`, `city_name`, `parent`, `city_keyword`, `city_slug`, `city_desc`, `city_longdesc`, `seo_title`, `seo_meta`, `city_status`, `favorite`, `view`, `city_created`, `city_update`) VALUES
(45, 'Sukabumi', 0, 'Sukabumi', 'sukabumi', 'Toko Bunga Online Di Sukabumi melayani Aneka Rangkaian Bunga Papan Duka Cita, Ucapan Selamat Pernikahan, Buket Bunga, Standing Flower Dan Karangan Bunga Lainnya', '<h2>Delovery Sukabumi - Toko Bunga Online #1</h2>\r\n<p>Wisuda atau graduation merupakan sebuah acara yang sangat berharga bagi para mahasiswa. Setelah melaksanakan pendidikan selama 8 semester dan tentunya dengan proses skripsi. Momen ini wisuda pasti merupakan sebuah kebahagian tersendiri bagi mahasiswa yang telah berhasil menyelesaikan sidang skripsi. Di momen ini pasti akan terasa sangat senang dan lega karena akhirnya sudah berhasil melewati berbagai masa sulit selama kuliah. Apalagi dengan banyaknya beban studi yang ditanggung dalam satu semester, pastinya akan terbayarkan dengan keberhasilan lulus dari universitas. Meskipun akan banyak rintangan dan halangan yang akan dihadapi setelah lulus dari universitas. Tapi setidaknya beban yang sudah diemban selama 8 semester sudah terlepaskan.</p>\r\n<p>Acara wisuda pasti tidak asing lagi dengan hadiah bunga dari kerabat, teman, dan sahabat hingga pasangan. Dengan topi toga dan jas hitam yang menjadikan penampilan semakin elegan. Banyak jenis bunga yang bisa diberikan kepada teman yang sudah melaksanakan wisuda. Contoh bunga yang bisa di gunakan yakni bunga mawar kuning, mawar merah, bunga matahari, dan bunga lainnya. Biasanya terdapat kartu ucapan dan boneka kecil yang memiliki akesoris berbentuk topi toga yang melengkapi bouquet tersebut. Tapi dimana anda bisa menemukan bouquet bunga untuk hadiah wisuda? Delovery Sukabumi lah jawabanya. Disini anda bisa menemukan berbagai rangkaian bunga untuk hadiah wisuda, hadiah ulang tahun, ucapan selamat, ataupun ucapan duka cita.</p>\r\n<p>Anda bisa melihat berbagai katalog produk Delovery Sukabumi melalui website dari Delovery Sukabumi. Selain itu anda juga bisa langsung memesan melalui website Delovery. Dengan dibantu tim profesional Delovery pastinya rangkaian bunga anda akan sangat cantik dan sesuai dengan keinginan anda. Tidak hanya melalui website anda juga bisa memesan berbagai rangkaian bunga, cake, parcel, dan hampers melalui whatsapp dan email yang tertera di website. Kami akan selalu memberikan pelayanan terbaik untuk anda. Selain itu kami juga menyediakan gratis ongkir untuk anda yang berada di wilayah Sukabumi dan sekitarnya. Lets order.</p>', 'Toko Bunga Online Di Sukabumi #1 Free Ongkir - Delovery Sukabumi', 'Toko Bunga Online Di Sukabumi Yang Menyediakan Aneka Rangkaian Bunga Meliputi Buket Bunga, Bunga Papan, Standing Flower Dan Karangan Bunga Lainnya', 1, 0, 0, '0000-00-00 00:00:00', '2023-07-29 07:05:14'),
(46, 'Tangerang', 0, 'Tangerang', 'tangerang', 'Toko Bunga Online Di Tangerang melayani Aneka Rangkaian Bunga Papan Duka Cita, Ucapan Selamat Pernikahan, Buket Bunga, Standing Flower Dan Karangan Bunga Lainnya', '<h1>Delovery Tangerang - Toko Bunga Online #1</h1>\r\n<p>Memberikan hadiah bunga kepada pasangan merupakan sesuatu yang sudah tidak jarang lagi dilakukan. Bunga memang sudah menjadi sebuah simbol kasih sayang antara sepasang kekasih. Tidak hanya kepada kekasih saja, anda bisa memberikan hadiah berupa bunga kepada siapapun seperti sahabat, teman, kerabat, ataupun keluarga. Bunga bisa juga menjadi perantara untuk mengungkapkan perasaan ataupun menyampaikan pesan. Setiap jenis dan warna bunga memiliki makna dan arti yang berbeda-beda. Contohnya mawar merah, memiliki arti cinta dan kasih sayang. Selain itu bunga matahari memiliki arti keceriaan, optimisme, dan semangat. Jadi sebelum anda memberikan hadiah berupa bunga kepada seseorang pastikan bahwa telah mengetahui arti dan makna dari bunga tersebut.</p>\r\n<p>Memberikan bunga kepada seseorang di Tangerang bukanlah hal yang asing lagi, banyak sekali orang yang menggunakan bunga untuk menyampaikan pesan kepada seseorang.&nbsp;Oleh karena itu Meme <span style=\"text-decoration: underline;\"><a href=\"../../../tangerang\" target=\"_blank\" rel=\"noopener\">Florist Tangerang</a></span> hadir untuk anda. Tangerang merupakan sebuah kota yang terletak di tatar pasundan provinsi Banten. Kota ini juga menjadi kota terbesar di daerah Banten setelah kota Jakarta dan juga Bogor. Anda bisa menemukan berbagai rangkaian bunga di Delovery Tangerang ini. Banyak produk yang bisa anda gunakan sebagai hadiah contohnya bouquet bunga, flower box, table bouquet, paper flower, standing flower, bunga papan, dan juga hand bouquet. Tidak hanya berbagai <span style=\"text-decoration: underline;\"><a href=\"../../../tangerang\" target=\"_blank\" rel=\"noopener\">karangan bunga Tangeran</a></span>g saja, anda juga bisa menemukan berbagai cake, parcel, dan juga hampers.</p>\r\n<p>Hanya dengan satu tempat anda sudah bisa menemukan berbagai produk yang bisa melengkapi berbagai hari spesial anda. Pemesanan di Delovery <span style=\"text-decoration: underline;\"><a href=\"../../../tangerang\" target=\"_blank\" rel=\"noopener\">Toko Bunga Tangerang</a></span> juga sangat mudah dilakukan. Anda bisa memesan berbagai rangkaian melalui website, whatsapp, email, dan berbagai aplikasi di smartphone anda. Kami akan melayani anda dengan pelayanan terbaik sehingga anda akan nyaman berbelanja di Delovery. Tidak hanya itu Delovery Tangerang juga memberikan gratis ongkir kepada anda yang berada di wilayah Tangerang. Jadi anda tidak perlu khawatir mengenai ongkos kirim lagi. Jadi tunggu apalagi, segera pesan dan sampaikan pesanmu melalui bunga dari Delovery Tangerang.</p>', 'Toko Bunga Tangerang Online #1 Free Ongkir - Delovery Tangerang', 'Delovery Tangerang Toko Bunga Tangerang Online Melayani Berbagai Rangkaian Bunga Tangerang Meliputi Buket Bunga, Bunga Papan, Standing Flower Dan Karangan Bunga Lainnya..', 1, 0, 0, '0000-00-00 00:00:00', '2023-07-29 07:05:14'),
(47, 'Tarakan', 0, 'Tarakan', 'tarakan', 'Toko Bunga Online Di Tarakan melayani Aneka Rangkaian Bunga Papan Duka Cita, Ucapan Selamat Pernikahan, Buket Bunga, Standing Flower Dan Karangan Bunga Lainnya', '<h2>Toko Bunga Online #1 Di Tarakan - Delovery Tarakan</h2>\r\n<p>Mengirimkan hadiah dan bunga kepada seseorang merupakan salah satu cara yang kini umum dilakukan untuk menyatakan perasaan terhadap seseorang. Umumnya untuk membelikan hadiah maupun bunga anda akan datang ke sebuah toko untuk memilih dan membelinya. Namun bagaimana jika yang ingin anda berikan hadiah maupun bunga berada di luar kota / anda sendiri yang sedang ada di luar negeri. Pasti sangat sayang untuk terlewat kan apalagi di moment spesialnya. Namun jangan khawatir, Delovery Tarakan Solusinya.</p>\r\n<p>Delovery Tarakan hadir untuk dapat membantu anda agar tidak melewatkan moment spesial kerabat maupun orang tersayang anda. Delovery Tarakan merupakan toko bunga terbaik dan terpercaya yang menjadi pilihan utama bagi masyarakat di Jambi dan sekitarnya. Delovery Tarakan memberikan berbagai varian produk spesial dari mulai buket bunga, karangan bunga papan ucapan selamat / duka cita, flower box dan berbagai rangkaian bunga lainnya. Tidak cukup hanya produk bunga spesial untuk memberikan pelayanan maksimal dalam menyampaikan pesan anda Delovery Tarakan juga menyediakan berbagai pilihan lainnya dari kado, parcel, kue ulang tahun, dan bingkisan bayi dan berbagai produk lainnya.</p>\r\n<p>Delovery Tarakan menyediakan produk yang berkualitas dengan berbagai varian harga yang menarik. Anda dapat dengan mudah menyesuaikan budget anda untuk memilih berbagai varian produk bunga dan hadiah yang kami tawarkan. Sehingga anda tidak perlu khawatir mengenai berapa budget yang anda keluarkan untuk memesan bunga. Kami juga memberikan layanan pemesanan via whatsapp yang dapat anda hubungi selama 24 jam. Tim customer service kami akan selalu siap membantu anda untuk memberikan saran terbaik untuk memilih bunga spesial bagi anda. Jadi, jangan ragu untuk segera menikmati semua layanan spesial yang kami berikan untuk anda. Segera buka website kami, pilih model bunga yang ada di katalog yang kami sediakan dan hubungi kami melalui whatsapp untuk informasi lebih lengkap. Kami akan senantiasa memberikan pelayanan terbaik dalam menyampaikan pesan anda.</p>', 'Toko Bunga Online Di Tarakan #1 Free Ongkir - Delovery Tarakan ', 'Bunga Papan Di Tarakan dengan berbagai macam variasi bunga yang segar dengan harga terjangkau. Pemesanan Hubungi 08122883155.', 1, 0, 0, '0000-00-00 00:00:00', '2023-07-29 07:05:14'),
(48, 'Tasikmalaya', 0, 'Tasikmalaya', 'tasikmalaya', 'Toko Bunga Online Di Tasikmalaya melayani Aneka Rangkaian Bunga Papan Duka Cita, Ucapan Selamat Pernikahan, Buket Bunga, Standing Flower Dan Karangan Bunga Lainnya', '<h2>Delovery Tasikmalaya - Toko Bunga Online #1</h2>\r\n<p>Kota tasikmalaya atau banyak orang yang menyebutnya dengan kota tasik. Kota ini merupakan salah satu kota yang berada di Jawa Barat. Tasikmalaya memiliki julukan Sang Mutiara dari Priangan Timur. Mendapat julukan tersebut dikarenakan tasikmalaya merupakan kabupaten terbesar dan juga yang paling berperan penting diantara beberapa kabupaten di Selatan Jawa Barat. Dulunya tasikmalaya merupakan sebuah kabupaten tetapi seiring perkembangan masa, kabupaten tasikmalaya berubah menjadi kota tasikmalaya. Perekonomian Tasikmalaya pada umumnya bertumpu pada sektor perikanan, pertanian, dan peternakan. Selain itu juga bertumpu pada sektor pertambangan, salah satu hasil tambangnya yakni pasir galunggung yang memiliki kualitas cukup bagus untuk bahan baku bangunan. Dan ada banyak pula tempat pariwisata indah yang ada di kota yang satu ini.</p>\r\n<p>Tasikmalaya juga merupakan kota yang memiliki berbagai kerajinan khas seperti anyaman bambu, tikar, perbotan rumah tangga, dan sebagainya. Selain itu ada kerajinan kas tasikmalaya yang terbuat dari bunga yaitu Tas decoupage. Bunga memang sangat cantik jika dijadikan sebagai kerajinan. Tidak hanya kerajinan bunga juga biasa dijadikan pajangan untuk memperindah ruangan, contohnya seperti table bouquet. Anda bisa mendapatkan berbagai jenis rangkaian bunga dan hiasan bunga di Delovery Tasikmalaya. Disini tersedia berbagai produk seperti table bouquet, paper flower, bunga papan, hand bouquet, standing flower, flower box, dan masih banyak lagi. Anda bisa melihat kalatog produk dari Delovery di website secara langsung. Disana terdapat banyak produk yang bisa anda pesan hari itu juga.</p>\r\n<p>Untuk perihal pemesanan produk Delovery Tasikmalaya, anda bisa melakukannya langsung melalui website. Atau jika anda merasa kesulitan anda bisa memesan melalui whatsapp, email, dan beberapa aplikasi lain di ponsel anda. Kami akan senantiasa memberikan pelayanan terbaik untuk anda. Selain itu produk yang kami buat dibuat langsung oleh tim profesional sehingga hasilnya akan sangat memuaskan. Jadi tunggu apalagi lengkapi momen indahmu bersama berbagai produk dari Delovery Tasikmalaya. Lets order</p>', 'Toko Bunga Online Di Tasikmalaya #1 Free Ongkir - Delovery Tasikmalaya', 'Toko Bunga Online Di Tasikmalaya Yang Menyediakan Aneka Rangkaian Bunga Meliputi Bunga Papan, Buket Bunga, Standing Flower Dan Karangan Bunga Lainnya', 1, 0, 0, '0000-00-00 00:00:00', '2023-07-29 07:05:14'),
(49, 'Tegal', 0, 'Tegal', 'tegal', 'Toko Bunga Online Di Tegal melayani Aneka Rangkaian Bunga Papan Duka Cita, Ucapan Selamat Pernikahan, Buket Bunga, Standing Flower Dan Karangan Bunga Lainnya', '<h2>Delovery Tegal - Toko Bunga Online #1</h2>\r\n<p>Memiliki buah hati memang sebuah keinginan yang diinginkan oleh kebanyakan pasangan suami istri. Dengan adanya anugrah seorang anak, kehidupan dari dua insan manusia ini akan terasa sangat lengkap. Setiap masa pertumbuhan sang buah hati akan sangat diperhatikan hingga akhirnya tumbuh dewasa. Setiap bayi memiliki masa pertumbuhan yang berbeda dimulai dari bisa tengkurap, merangkak, berbicara, hingga berjalan. Bayi memang hanya bisa menangis kita menginginkan sesuatu dikarenakan dia belum bisa mengungkapkan keinginannya dengan kata kata. Saat buah hati kita menginjak usia 1 tahun dimana itu merupakan ulang tahun nya yang pertama, pastinya kita akan memberikan berbagai acara untuk merayakan hal tersebut. Akan banyak dekorasi lucu yang menghias rumah, anda juga bisa mengundang kerabat, teman, sahabat, keluarga untuk turut serta merayakan ulang tahun pertama buah hati anda.</p>\r\n<p>Anda bisa menemukan berbagai design kue ulang tahun di Delovery Tegal untuk pelengkap ulang tahun buah hari anda. Tidak hanya ulang tahun saja, anda bisa memesan kue untuk berbagai acara spesial anda di Delovery Tegal. Produk dari Delovery Tegal bukan hanya sekedar kue saja tetapi banyak sekali jenis rangkaian bunga yang bisa anda temukan di sini. Dimulai dari hand bouquet, standing flower, flower box, paper fower, bunga papan, hingga parcel dan hampers. Jadi anda bisa menikmati berbagai acara spesial bersama dengan Delovery. Tidak hanya ulang tahun saja, anda bisa memesan berbagai perlengkapan lamaran, pernikahan, wisuda, grand opening, kelulusan, dan masih banyak lagi.</p>\r\n<p>Untuk mengetahui katalog produk anda bisa langsung mengunjungi website dari Delovery Tegal. Pemesanan produk Delovery juga sangat mudah, anda bisa memesan langsung melalui website. Atau jika anda merasa kesulitan memesan di website anda bisa melakukan pemesanan melalui whatsapp, email, dan berbagai aplikasi lainnya di gawai anda. Kami akan memproses pemesanan anda dengan tim profesional Delovery. Anda juga bisa mendapatkan gratis ongkir untuk yang berada di wilayah Tegal dan sekitarnya. Jadi tunggu apalagi, segera memesan di Delovery Tegal.</p>', 'Toko Bunga Online Di Tegal #1 Free Ongkir - Delovery Tegal ', 'Toko Bunga Online Di Tegal Melayani Aneka Rangkaian Bunga Meliputi Standing Flower, Bunga Papan, Buket Bunga Dan Karangan Bunga Lainnya\r\n', 1, 0, 0, '0000-00-00 00:00:00', '2023-07-29 07:05:14'),
(50, 'Tuban', 0, 'tuban', 'tuban', 'Toko Bunga Online Di Tuban melayani Aneka Rangkaian Bunga Papan Duka Cita, Ucapan Selamat Pernikahan, Buket Bunga, Standing Flower Dan Karangan Bunga Lainnya', '<h2>Delovery Tuban - Toko Bunga Online #1</h2>\r\n<p>Kota Tuban merupakan sebuah kota pesisir yang terletak di kota Tuban. Kota ini sangat dikenal dengan julukan kota Ronggolawe, dikarenakan Ronggolawe merupakan tokoh yang sangat legendaris bagi kota Tuban. Selain dikenal dengan sebutan kota ronggolawe, Tuban juga dikenal dengan sebutan kota Toak, karena banyak petani penghasil Toak, legen, dan juga buah siwalan. Tuban sekarang sudah menjadi sebuah kota Industri karena banyak sekali perusahaan besar yang beroprasi di Tuban. Ternyata Tuban juga memiliki banyak tempat wisata yang bisa anda kunjungi bersama keluarga, teman, atau pasangan anda. Ternyata selain terkenal dengan sektor pertanian, Tuban juga merupakan kota penghasil bunga mawar. Karena posisinya yang berada di dataran tinggi sangat cocok dan mempermudah pertumbuhan bunga yang satu ini.</p>\r\n<p>Mawar memang sudah dikenal dengan bunga yang melambangkan kasih sayang dan cinta. Maka tak heran jika bunga ini biasa dijadikan sebagai hadiah atau digunakan untuk menyatakan perasaan. Anda bisa mendapatkan berbagai rangkaian bunga di Delovery Tuban yang merupakan toko bunga online terbaik. Ada berbagai jenis rangkaian bunga yang ada di Delovery Tuban seperti bouquet bunga, standing flower, flower box, paper flower, bunga papan, dan masih banyak lagi. Tidak hanya rangkaian bunga saja Delovery Tuban juga menyediakan berbagai jenis cake, parcel, dan hampers untuk anda. Hanya dengan mengunjungi satu toko anda sudah bisa mendapatkan berbagai produk untuk momen spesial anda.</p>\r\n<p>Toko bunga Online Delovery Tuban melayani pemesanan melalui website, whatsapp, email, dan aplikasi lain yang ada di gawai anda. Kami akan memberikan pelayanan terbaik sehingga anda akan merasa nyaman membeli produk dari Delovery. Proses pembuatan rangkaian bunga juga dikerjakan dengan tim profesional Delovery sehingga hasilnya akan sangat memuaskan anda. Untuk anda yang berada di Tuban, ini adalah kabar gembira untuk anda karena kami memberikan gratis ongkir untuk anda yang berada di Tuban dan sekitarnya. Jadi tunggu apalagi segera hubungi kamu untuk memesan berbagai rangkaian untuk melengkapi acara anda.</p>', 'Toko Bunga Online #1 Tuban Free Ongkir - Delovery Tuban', 'Toko Bunga Online Di Tuban Melayani Berbagai Rangkaian Bunga Meliputi Buket Bunga, Bunga Papan, Standing Flower Dan Karangan Bunga Lainnya\r\n', 1, 0, 0, '0000-00-00 00:00:00', '2023-07-29 07:05:14'),
(51, 'Uluwatu', 0, 'Uluwatu', 'uluwatu', 'Toko Bunga Online Di Uluwatu melayani Aneka Rangkaian Bunga Papan Duka Cita, Ucapan Selamat Pernikahan, Buket Bunga, Standing Flower Dan Karangan Bunga Lainnya', '<h2>Delovery Uluwatu - Toko Bunga Online #1</h2>\r\n<p>Surprise atau kejutan merupakan hal yang sudah sering dilakukan oleh banyak orang. Biasanya dilakukan ketika teman sedang ulang tahun, atau memang ingin memberikan sebuah kejutan secara diam diam. Memberi surprise ke sahabat atau pasangan bisa berupa apa saja, yang terpenting adalah dari ketulusan. Hal yang paling sering menjadi kejutan untuk teman atau pasangan yakni berupa bunga. Bunga memang sebuah barang yang sering diberikan sebagai hadiah karena memang bunga merupakan hal yang cantik. Selain itu bunga juga bisa digunakan sebagai perantara menyampaikan pesan kepada seseorang. Jadi selain bisa dijadikan hadiah untuk surprise anda juga bisa menggunakan bunga untuk menyampaikan pesan.</p>\r\n<p>Tapi dimana anda bisa menemukan berbagai produk bunga dengan mudah? Delovery Uluwatu lah jawabannya. Uluwatu merupakan sebuah daerah yang ada di pulau bali dan merupakan tempat yang memiliki banyak sekali tempat wisata. Delovery hadir untuk anda yang berada di Uluwatu dan sekitarnya. Anda bisa mendapatkan berbagai produk dari Delovery sebagai surprise untuk pasangan atau sahabat anda. Ada berbagai rangkaian bunga seperti flower box, bouquet bunga, standing flower, paper flower, dan juga bunga papan. Tidak hanya rangkaian bunga saja Delovery juga menyediakan berbagai jenis cake, parcel dan hampers untuk berbagai acara anda. Sangat lengkap bukan, hanya dengan mengunjungi satu toko bunga online Delovery anda sudah bisa membeli banyak barang.</p>\r\n<p>Dengan begitu anda akan lebih menghemat energi dan menghemat waktu. Karena berbasiskan online pemesanan di Delovery juga dilakukan dengan online. Anda bisa memesan secara langsung melalui website, whatsapp, dan juga email. Kami akan memberikan pelayanan terbaik untuk anda sehingga anda akan sangat nyaman ketika berbelanja di Delovery Uluwatu. Dengan bantuan tim profesional Delovery, pesanan anda akan tiba sesuai dengan pesanan anda. Tunggu apalagi segera beli berbagai produk Delovery untuk hadiah atau surprise pasangan anda. Kami juga memberikan gratis ongkir untuk anda yang berada di Uluwatu dan sekitarnya.</p>', 'Toko Bunga Uluwatu Terpercaya | Free Ongkir', 'Toko Bunga Online Di Uluwatu melayani Aneka Rangkaian Bunga Papan Duka Cita, Ucapan Selamat Pernikahan, Buket Bunga, Standing Flower Dan Karangan Bunga Lainnya', 1, 0, 0, '0000-00-00 00:00:00', '2023-07-29 07:05:14'),
(52, 'Wonosobo', 0, 'Wonosobo', 'wonosobo', 'Toko Bunga Online Di Wonosobo melayani Aneka Rangkaian Bunga Papan Duka Cita, Ucapan Selamat Pernikahan, Buket Bunga, Standing Flower Dan Karangan Bunga Lainnya', '<h2>Delovery Wonosobo - Toko Bunga Online #1</h2>\r\n<p>Wonosobo merupakan sebuah kabupaten yang terletak di Provinsi Jawa Tengah. Ada satu tempat di Wonosobo yang pastinya anda sering mendengarnya, yaitu dataran tinggi Dieng. Dieng terkenal dengan panorama alam yang sangat indah dan juga udaranya yang sangat sejuk. Terletak sebagai jantung provinsi Jawa Tengah, kabupaten ini memiliki pemandangan yang indah karena diapit oleh dua gunung yang masih aktif yakni Gunung Sumbing dan juga Sindoro. Wonosobo menjadi tempat yang sering kali menjadi tujuan para turis setelah berkeunjung ke candi Borobudur karena letaknya yang strategis dan mudah dijangkau. Yang membedakan Wonosobo dengan tempat lain yakni pengembangan buah Carica yang disebut sebagai buah para dewa. Buah ini memiliki bentuk sejenis dengan pepaya namun hanya tumbuh di tiga tempat yakni pegunungan Dieng, Argentina, dan juga Rusia.</p>\r\n<p>Buah ini kerap dijadikan sebagai minuman hingga jamu khas dari Jawa. Ketika anda berkunjung ke Wonosobo pastikan anda mencoba buah ini karena buah ini tidak tumbuh ditempat lain selain pegunungan Dieng. Adat pernikahan di Wonosobo tidak jauh berbeda dengan adat pernikahan di kabupaten atau kota lain di Jawa Tengah. Pasti banyak bunga yang menghiasi acara spesial ini. Anda bisa mendapatkan berbagai rangkaian bunga untuk pernikahan anda di Delovery Wonosobo. Terdapat berbagai produk bunga yang bisa menghiasi pernikahan anda contohnya hand bouquet, standing flower, paper flower, bunga papan, dan masih banyak rangkaian bunga lainnya. Selain itu anda juga bisa mendapatkan wedding cake anda di Delovery Wonosobo, tidak hanya itu anda juga bisa mendapatkan berbagai parcel dan juga hampers di Delovery Wonosobo.</p>\r\n<p>Tidak perlu sulit dalam mencari semua perlengkapan pernikahan anda, hanya di Delovery Wonosobo anda sudah bisa mendapatkannya. Pemesanan berbagai rangkaian bunga di Delovery juga sangatlah mudah, anda bisa memesan langsung melalui website. Tidak hanya website kami juga melayani pemesanan melalui whatsapp, email, dan beberapa aplikasi lain di ponsel anda. Anda bisa melihat berbagai katalog produk melalui website Delovery Wonosobo. Untuk anda yang berada di Wonosobo dan sekitarnya, anda bisa mendapatkan gratis ongkos kirim. Jadi anda tidak perlu khawatir mengenai ongkos kirim yang akan anda bayarkan untuk pesanan anda.</p>', 'Toko Bunga Wonosobo Terpercaya | Free Ongkir  - Delovery Wonosobo ', 'Delovery Wonosobo siap membantu Anda untuk memberi yang terbaik untuk orang- orang tercinta dengan rangkaian bunga cantik, bunga papan, cake dan parcel.', 1, 0, 0, '0000-00-00 00:00:00', '2023-07-29 07:05:14'),
(53, 'Bandar Lampung', 0, 'Bandar Lampung', 'bandar-lampung', 'Toko Bunga Lampung, melayani Pengiriman Bunga Papan Ucapan, Hand Bouquet, Table Bouquet, Standing Flower, Flower Box.', '<h4>Delovery Bandar Lampung &ndash; Toko Bunga Online #1</h4>\r\n<p><a href=\"../../../\">Delovery</a> Lampung kini hadir untuk melayani pemesanan karangan bunga di wilayah kota Pekanbaru dan sekitarnya. Gratis biaya pengiriman untuk dalam kota Lampung. Sebagai toko <a href=\"../../../lampung/\">bunga Online di Lampung</a> kami siap membantu Anda mengirimkan Rangkaian Bunga Papan Ucapan, Hand Bouquet / Bunga Tangan, Table Bouquet / Bunga Meja, Standing Flowers, Krans Bunga Segar, Karangan Buah, dll.Toko Bunga Online Kami Melayani untuk berbagai keperluan seperti ucapan duka cita, selamat ulang tahun, selamat pernikahan, selamat atas kelahiran, peresmian gedung, pelantikan pejabat, perayaan valentine dan hari-hari special lainnya.</p>\r\n<p>Toko Bunga Online Kami Hadir Dengan cara pemesanan dan pembayaran yang mudah, harga kompetitif, model menarik serta pengiriman tepat waktu. Toko Bunga Online Kami senantiasa berusaha memberikan layanan yang terbaik kepada setiap pelanggan. Setiap pemesanan akan dikirimkan bukti foto surat jalan &amp; foto karangan bunga kepada pemesan.</p>\r\n<p>Kami juga melayani pembelian bingkisan lain seperti boneka, cake dan parcel. Tinggal hubungi salah satu customer service kami, lakukan pembayaran, dan pesanan karangan bunga Anda siap kami proses &amp; dikirim ke alamat tujuan. Sebagai toko bunga Online di Lampung yang sudah terpercaya kami selalu meningkatkan kualitas &amp; pelayanan terhadap customer sehingga Anda menjadi lebih nyaman &amp; tenang saat melakukan pemesanan di Toko Bunga Online Delovery. Say it with flowers.</p>', 'Toko Bunga Online Di Bandar Lampung #1 Free Ongkir - Delovery Bandar Lampung', 'Toko Bunga Online Di Bandar Lampung Melayani Kirim Bunga Papan & Buket Bunga Gratis Kirim Cek Model Bunga Terbaru di Delovery Bandar Lampung..', 1, 0, 0, '2021-02-26 07:58:50', '2023-07-29 07:05:14'),
(54, 'Batam', 0, 'Batam', 'batam', 'Delovery Florist Batam - Toko Bunga Online Terpercaya', '<h4>Delovery Batam &ndash; Toko Bunga Online #1</h4>\r\n<p class=\"normal\">Sebuah perayaan atau pesta tidak akan mengasyikan tanpa adanya sebuah hadiah. Hadiah yang simple namun penuh makna jauh lebih berharga dibandingkan dengan hadiah yang mewah dan mahal yang tidak memiliki makna apapun. Bunga dapat menjadi contoh hadiah yang simple namun penuh makna. Seperti yang kita ketahui bunga memiliki berbagai macam jenis dan warna yang berbeda &ndash; beda, setiap jenis bunga ini memiliki arti atau makna yang berbeda &ndash; beda. Bahkan bunga dengan jenis yang sama tetapi dengan warna yang berbeda dapat memiliki arti atau makna yang jauh berbeda pula. Jadi, memilih bunga sebagai hadiah akan menjadi pilihan yang tepat.</p>\r\n<p class=\"normal\"><a href=\"../../../\">Delovery</a>&nbsp;Batam akan menjadi pilihan yang tepat bagi anda yang sedang mencari toko bunga online profesional dan terpercaya. Delovery Batam merupakan toko bunga online yang menawarkan berbagai macam produk rangkaian bunga indah yang siap untuk dikirimkan di seluruh daerah yang tersebar di Batam. Berbagai macam rangkaian bunga, seperti buket bunga, bunga papan, flower box, hingga standing flower semua tersedia disini. Selain rangkaian bunga, kami juga menyediakan berbagai macam jenis hadiah lain, seperti cake, parcel, bingkisan bayi, dan masih banyak yang lainnya.</p>\r\n<p class=\"normal\">Pemesanan bunga di Delovery Batam dapat anda lakukan dimana saja dan kapan saja dengan menggunakan smartphone anda secara online. Tidak hanya melalui website, kami juga menyediakan pemesanan produk via website, WhatsApp, Email, dan aplikasi &ndash; aplikasi smartphone lainnya. Apabila anda memiliki pertanyaan mengenai produk &ndash; produk kami atau membutuhkan rekomendasi produk, anda dapat menghubungi customer service kami yang selalu siap sedia selama 24 jam untuk melayani anda. Jangan lewatkan momen spesial anda bersama dengan orang &ndash; orang tercinta dan berikan rangkaian bunga indah buatan <a href=\"../../../batam/\">Delovery Batam</a>&nbsp;agar perasaan anda dapat tersampaikan dengan baik. Kami selalu siap sedia memberikan pelayanan terbaik untuk anda</p>', 'Toko Bunga Online Di Batam #1 Free Ongkir - Delovery Batam', 'Toko Bunga Batam & Florist Online Gratis Ongkir di Batam dengan Koleksi karangan bunga cantik, segar dan elegan. Sameday delivery', 1, 0, 0, '2021-02-26 08:16:27', '2023-07-29 07:05:14'),
(55, 'Balikpapan', 0, 'Balikpapan', 'balikpapan', 'Toko Bunga Balikpapan, melayani Pengiriman Bunga Papan Ucapan, Hand Bouquet, Table Bouquet, Standing Flower, Flower Box.', '<h2>Delovery Balikpapan &ndash; Toko Bunga Online #1</h2>\r\n<p>Balikpapan merupakan salah satu kota besar di Indonesia yang terletak di Kalimantan Timur (Kaltim). Balikpapan memiliki penduduk yang heterogen. Artinya terdapat berbagai jenis dan etnis masyarakat yang mendiami kota di Kalimantan Timur ini. Untuk menunjukan sikap toleransi yang besar di antara masyarakat ini, saling berkirim hadiah saat hari raya keagamaan bisa menjadi pilihan yang tepat.</p>\r\n<p><a href=\"../../../\">Delovery</a> hadir di Balikpapan untuk memberikan kemudahan dengan menyediakan berbagai parcel dan papan bunga yang bisa dikirim sesuai dengan kebutuhan anda. Kami menyediakan berbagai macam rangkaian, karangan maupun buket bunga untuk berbagai acara seperti pernikahan, Peresmian kantor, Ucapan Duka Cita, Perayaan Hari Raya, dan berbagai kebutuhan lainnya. Sebagai toko online bunga terpercaya yang melayani lebih dari 100 kota di seluruh Indonesia, Delovery akan menjadi teman terbaik Anda dalam menyampaikan pesan melalui buket bunga atau bunga papan untuk berbagai acara.</p>\r\n<p>Jangan lewatkan momen spesial Anda, Kami menyediakan berbagai rangkaian bunga segar untuk keperluan momen spesial Anda seperti buket bunga, flower box, bunga papan dan rangkaian bunga lainnya. Beragam rangkaian bunga yang terjaga kesegaranya dapat Anda pesan kapanpun dan dimanapun. Selain karangan bunga, toko bunga online kami juga menyediakan berbagai macam pilihan hadiah, kado, parcel, kue ulang tahun, atau bingkisan bayi. Delovery Balikpapan sebagai toko bunga online di Banda Balikpapan dan sekitarnya akan memberikan Anda kepuasan extra, dengan kebebasan design dan rangkaian bunga yang dapat disesuaikan oleh budget dan keinginan Anda.</p>\r\n<p>Dengan service dan layanan pemesanan online selama 24 jam, Anda dapat melakukan pemesanan bunga atau kado yang Anda butuhkan kapanpun dan dimanapun melalui pemesanan via website,Whatsapp, Email, dan berbagai aplikasi yang ada dalam smartphone. Jadi, jangan ragu untuk menikmati layanan cepat dan profesional dari dari Delovery Balikpapan. Segera hubungi customer kami dan pesan segera bunga favorit di moment spesialmu, kami siap kirim ke lokasi Balikpapan dan sekitarnya.</p>', 'Toko Bunga Online Di Balikpapan #1 Free Ongkir - Delovery Balikpapan', 'Toko Bunga Online Di Balikpapan Melayani Kirim Bunga Papan & Buket Bunga Gratis Kirim Cek Model Bunga Terbaru di Delovery Balikpapan', 1, 0, 0, '2021-02-26 08:44:42', '2023-07-29 07:05:14'),
(56, 'Banjarmasin ', 0, 'Banjarmasin ', 'banjarmasin', 'Toko Bunga Online Di Balikpapan Yang Menyediakan Aneka Rangkaian Bunga Meliputi Bunga Papan, Standing Flower, Buket Bunga dan Karangan Bunga Lainnya', '<h2>Delovery Banjarmasin &ndash; Toko Bunga Online #1</h2>\r\n<p>Delovery Banjarmasin merupakan toko bunga online terpercaya yang menyediakan pemesanan produk rangkaian bunga yang beraneka ragam. Produk rangkaian bunga ini seperti buket bunga, flower box, standing flower, bunga papan, dan masih banyak yang lainnya. Selain itu, kami juga menyediakan berbagai macam pilihan produk lainnya, seperti kado, parcel, bingkisan bayi, kue ulang tahun, dan masih banyak produk lainnya. Dengan pengalaman menangani lebih dari 200 cabang di kota &ndash; kota yang tersebar di seluruh Indonesia, produk &ndash; produk kami telah terpercaya kualitasnya.</p>\r\n<p>Kami dapat membantu anda menyediakan produk &ndash; produk rangkaian bunga untuk berbagai kebutuhan, seperti buket bunga atau bunga papan untuk acara pernikahan, ucapan duka cita, peresmian kantor baru, perayaan hari raya, dan kebutuhan &ndash; kebutuhan lainnya. Delovery Balikpapan juga menyediakan sistem pemesanan secara online, anda dapat dengan mudah melakukan pemesanan dimana saja dan kapan saja hanya dengan bermodalkan smartphone dan jaringan internet.</p>\r\n<p>Untuk dapat melihat katalog produk kami, anda dapat mengunjungi halaman website kami. Apabila anda ingin mengetahui informasi lebih detail mengenai produk pilihan anda atau membutuhkan rekomendasi produk yang sesuai dengan budget anda, anda dapat menghubungi customer service kami via Whatsapp yang selalu siap melayani anda selama 24 jam. Pemesanan produk dapat anda lakukan melalui via Whatsapp, Website, Whatsapp, Email, dan aplikasi &ndash; aplikasi lain yang ada di smartphone. Jadi, jangan ragu untuk memesan produk &ndash; produk kami dan nikmati layanan &ndash; layanan yang kami sediakan. Delovery akan selalu siap sedia memberikan pelayanan yang terbaik untuk anda.</p>', 'Toko Bunga Online Di Banjarmasin  #1 Free Ongkir - Delovery Banjarmasin ', 'Toko Bunga Online Di Banjarmasin Yang Menyediakan Aneka Rangkaian Bunga Meliputi Bunga Papan, Standing Flower, Buket Bunga dan Karangan Bunga Lainnya', 1, 0, 0, '2021-02-26 08:48:41', '2023-07-29 07:05:14'),
(57, 'Banyuwangi', 0, 'Banyuwangi', 'banyuwangi', 'Toko Bunga Banyuwangi, melayani Pengiriman Bunga Papan Ucapan, Hand Bouquet, Table Bouquet, Standing Flower, Flower Box & Cake.', '<h4>Delovery Banyuwangi &ndash; Toko Bunga Online #1</h4>\r\n<p>Kabupaten Banyuwangi terletak di ujung paling timur pulau Jawa, di kawasan Tapal Kuda yang berbatasan dengan Kabupaten Situbondo di sebelah utara, Selat Bali di timur, Samudera Hindia di selatan, serta Kabupaten Jember dan Kabupaten Bondowoso di barat.</p>\r\n<p>Kabupaten Banyuwangi bisa dibilang merupakan kabupaten terluas di Jawa Timur sekaligus yang terluas di Pulau Jawa dengan luas wilayah mencapai 5.782,50 km2. Dengan luas wilayah yang cukup besar, Banyuwangi mempunyai pesona yang menarik untuk dibahas. Banyuwangi memiliki wisata alam yang masih hijau dan liar layaknya safari di Afrika. Selain wisata alam yagn menarik, Banyuwangi juga mempunyai wisata kuliner yang khas dan digemari.</p>\r\n<p>Delovery Banyuwangi siap membantu Anda untuk memberi yang terbaik untuk orang- orang tercinta dengan rangkaian bunga cantik, cake dan parcel. Jangan sampai kehilangan moment spesial Anda bersama mereka. Delovery sebagai toko bunga online memberikan layanan pemesanan karangan bunga secara online dan dapat dijangkau di smartphone Anda melalui mobile apps yang bisa diunduh gratis di Android. Bukan hanya melalui website dan mobile aps , Toko bunga Online kami juga melayani pemesanan via website, Whatsapp, Email dan aplikasi smartphone lain. Toko bunga online Kami berusaha hadir untuk lebih dekat dan memanjakan anda dalam order karangan bunga sehingga kepuasan Anda akan terjamin.</p>\r\n<p>Berbagai produk jenis rangkaian bunga seperti Bunga Papan Ucapan untuk duka cita, pernikahan, ucapan selamat, pembukaan usaha, Hand Bouquet, Table Bouquet, Standing Flowers, dan lain-lain, semua kami sediakan di dalam toko bunga online kami. Dan kami akan memberikan kualitas terbaik untuk semua rangkaian bunga. Design dan pilih bunga sesuia keinginan Anda, dan kami akan membuat sesuai permintaan anda. Karena kepuasan Anda adalah prioritas bagi kami. Selain menyediakan karangan bunga toko bunga online kami juga menerima pemesanan bingkisan lain seperti boneka, coklat dan cake. Kami juga hadir dan melayani masyarakat di sekitar Banyuwangi. Jangan sampai kehilangan moment Anda, silahkan order ke toko bunga online Delovery Banyuwangi dan bunga akan mengatakan perasaan Anda.</p>', 'Toko Bunga Online Di Banyuwangi #1 Free Ongkir - Delovery Banyuwangi', 'Toko Bunga Online Di Banyuwangi Yang Menyediakan Aneka Rangkaian Bunga Meliputi Bunga Papan, Buket Bunga, Standing Flower Dan Karangan Bunga Lainnya', 1, 0, 0, '2021-02-26 08:53:27', '2023-07-29 07:05:14'),
(58, 'Banda Aceh', 0, 'Aceh', 'aceh', 'Toko Bunga di Banda Aceh, melayani Pengiriman Bunga Papan Ucapan, Hand Bouquet, Table Bouquet, Standing Flower, Flower Box & Cake.', '<h2>Delovery Banda Aceh &ndash; Toko Bunga Online #1</h2>\r\n<p><span style=\"font-weight: 400;\"><a href=\"../../../\">Delovery</a> merupakan Toko Bunga Online yang menjadi pilihan terbaik bagi masyarakat Banda Aceh dan sekitarnya yang membutuhkan berbagai karangan maupun buket bunga untuk berbagai acara seperti pernikahan, Peresmian kantor, Ucapan Duka Cita, Perayaan Hari Raya, dan berbagai kebutuhan lainnya. Sebagai toko online bunga terpercaya yang melayani lebih dari 100 kota di seluruh Indonesia, Delovery akan menjadi teman terbaik Anda dalam menyampaikan pesan melalui buket bunga atau bunga papan untuk berbagai acara.</span></p>\r\n<p><span style=\"font-weight: 400;\">Jangan sampai melewatkan momen spesial Anda, ada berbagai rangkaian bunga segar yang toko bunga online kami sediakan untuk keperluan momen spesial Anda seperti buket bunga, flower box, bunga papan dan rangkaian bunga lainnya. Beragam rangkaian bunga yang terjaga kesegarannya dapat Anda pesan kapanpun dan dimanapun. Selain karangan bunga, toko bunga online kami juga menyediakan berbagai macam pilihan hadiah, kado, parcel, kue ulang tahun, atau bingkisan bayi. Delovery Banda Aceh sebagai toko bunga online di Banda Aceh dan sekitarnya akan memberikan Anda kepuasan extra, dengan kebebasan design dan rangkaian bunga yang dapat disesuaikan oleh budget dan keinginan Anda.</span></p>\r\n<p><span style=\"font-weight: 400;\">Saat Memesan Bunga di Delovery Banda Aceh, Anda tidak perlu khawatir dengan budget. Delovery menyediakan berbagai produk bunga dan hadiah yang dengan pilihan harga yang beragam, sehingga Anda bisa menyesuaikan dengan budget. Dengan layanan pemesanan online selama 24 jam, Anda memesan bunga atau kado yang Anda butuhkan kapan saja dan dimana saja melalui pemesanan via website, Whatsapp, Email, dan berbagai aplikasi yang ada dalam smartphone. Jadi, jangan ragu untuk menikmati layanan dari toko bunga Banda Aceh. Segera hubungi customer kami dan pesan segera bunga favorit di moment spesialmu, kami siap kirim ke lokasi Banda Aceh dan sekitarnya.&nbsp;</span></p>', 'Toko Bunga Online Di Banda Aceh #1 Free Ongkir - Delovery Banda Aceh', 'Toko Bunga Online Di Banda Aceh yang Menyediakan Aneka Rangkaian Bunga Meliputi Bunga Papan, Standing Flower, Buket Bunga dan Karangan Bunga Lainnya', 1, 0, 0, '2021-02-26 08:58:19', '2023-07-29 07:05:14'),
(59, 'Bekasi', 0, 'Bekasi', 'bekasi', 'Toko Bunga Bekasi, melayani Pengiriman Bunga Papan Ucapan, Hand Bouquet, Table Bouquet, Standing Flower, Flower Box & Cake.', '<h1>Delovery Bekasi &ndash; Toko Bunga Online #1</h1>\r\n<p>Kota Bekasi, dikenal sebagai pintu gerbang timur bagi kendaraan yang ingin berkunjung ke Ibukota. Hampir semua kendaraan yang melewati pantura atau Tol di Jawa Barat akan melewati Kota Bekasi. Karena letaknya yang strategis, membuat Bekasi menjadi kota industri terbesar di Indonesia. Selain itu, Bekasi yang beriklim tropis juga mampu menghadirkan keindahan alam di dataran rendahnya. Seperti Pantai Muara Benting dan Muara Gembong yang cocok sekali untuk Anda yang ingin menghabiskan waktu bersama keluarga di Bekasi.</p>\r\n<p>Delovery hadir sebagai solusi untuk Anda yang ingin memberikan tanda cinta dan kasih bagi keluarga dan teman-teman yang ada di Bekasi. Banyak varian rangkaian bunga yang Kami berikan untuk melengkapi moment spesial Anda. Seperti bunga papan ucapan, standing flower, hand bouquet, bunga duka cita, dan tak lupa karangan bunga coklat untuk orang-orang spesial di hidup Anda. Sebagai Toko Bunga online di Bekasi, kami siap melayani pemesanan produk sesuai yang Anda inginkan.</p>\r\n<p>Tak perlu khawatir lagi, karena kami sebagai Toko Bunga online di Bekasi tidak hanya melayani pemesanan melalui website, whatsapp, dan email. Tapi juga dapat melayani pemesanan melalui whatsapp maupun aplikasi yang ada di smartphone lainnya. Sehingga moment Anda di Bekasi tidak akan terlewatkan dengan memesan rangkaian bunga kapan dan dimana saja di Delovery Bekasi.</p>\r\n<p>&ldquo;Pesan Bunga Mudah dan Cepat bersama Delovery&rdquo; dan tentu saja dengan layanan yang terbaik. Sehingga anda tidak perlu ragu memesan bunga atau berbagai hadiah untuk orang spesial anda di Delovery.</p>', 'Toko Bunga Online Di Bekasi #1 Free Ongkir - Delovery Bekasi', 'Toko Bunga Online Di Bekasi Yang Melayani Aneka Rangkaian Bunga Seperti Bunga Papan, Buket Bunga, Standing Flower Dan Karangan Bunga Lainnya', 1, 0, 0, '2021-02-26 09:03:00', '2023-07-29 07:05:14'),
(60, 'Bengkulu', 0, 'Bengkulu', 'bengkulu', 'Toko Bunga Online Di Bengkulu melayani Aneka Rangkaian Bunga Papan Duka Cita, Ucapan Selamat Pernikahan, Buket Bunga, Standing Flower Dan Karangan Bunga Lainnya', '<h4>Delovery Bengkulu &ndash; Toko Bunga Online #1</h4>\r\n<p>Bengkulu merupakan sebuah kota dan provinsi yang ada di Pulau Sumatra. Bengkulu pernah dijadikan tempat pengasingan Presiden Soekarno sebelum masa kemerdekaan. Bahkan di Bengkulu juga terdapat rumah pengasingan Presiden Soekarno. Membicarakan Bengkulu tak lepas dari destinasi wisatanya yang berupa pantai. Karena kondisi geografinya yang menghadap langsung ke Samudera Hindia, membuat Bengkulu banyak memiliki objek wisata pantai yang sangat indah, salah satu yang terkenal yaitu Pantai Panjang dan Pantai Tapak Paderi. Danau-danau indah juga turut mengisi daftar objek wisata di Bengkulu seperti Danau Dendam Tak Sudah yang menghadirkan keindahan danau yang mempesona. Beraneka macam flora dan fauna juga hidup di hutan Bengkulu. Bahkan Bunga Raflesia Arnoldi juga ditemukan di daerah ini. Anda tak akan menyesal jika menghabiskan waktu di Kota Bengkulu yang penuh akan keanekaragaman alam dan juga flora faunanya.</p>\r\n<p>Nikmati setiap moment Anda bersama keluarga di Bengkulu dengan karangan bunga dari Delovery. Delovery Bengkulu hadir Sebagai Toko Bunga Online yang membantu Anda untuk menyampaikan perasaan melalui Rangkaian Bunga. Sebagai Toko Bunga Online di Bengkulu, Delovery memberikan layanan berupa pengiriman gratis ke wilayah Bengkulu dan sekitarnya. Jangan lewatkan untuk memesan karangan bunga di Delovery. Akses 24 jam juga kami sediakan melalui website dan layanan online lain seperti whatsapp dan email. Dengan layanan tersebut, tentu akan memudahkan Anda untuk memesan rangkaian bunga di Bengkulu.</p>\r\n<p>Toko Bunga Online kami menyediakan berbagai macam rangkaian bunga seperti bunga papan ucapan, hand bouquet, standing flower, special flower, dan cake. Karangan bunga yang tentunya sangat cocok untuk Anda gunakan untuk memberi ucapan acara pernikahan, kelulusan, duka cita, pembukaan toko dan kantor baru, atau hanya sekedar memberi ucapan selamat pada seseorang. Tak kalah menariknya, kami juga menyediakan berbagai rangkaian bunga bouquet berbagai warna dan jenis bunga yang dilengkapi dengan boneka dan coklat. Spesial untuk Anda yang ingin mengungkapkan perasaan melalui bunga. Pesan sekarang juga hanya di Delovery Bengkulu. Say it with flowers.</p>', 'Toko Bunga Online Di Bengkulu #1 Free Ongkir - Delovery Bengkulu', 'Toko Bunga Online Di Bengkulu melayani Aneka Rangkaian Bunga Papan Duka Cita, Ucapan Selamat Pernikahan, Buket Bunga, Standing Flower Dan Karangan Bunga Lainnya', 1, 0, 0, '2021-02-26 09:07:01', '2023-07-29 07:05:14'),
(61, 'Blitar', 0, 'Blitar', 'blitar', 'Toko Bunga Blitar, melayani Pengiriman Bunga Papan Ucapan, Hand Bouquet, Table Bouquet, Standing Flower, Flower Box & Cake.', '<h4>Delovery Blitar &ndash; Toko Bunga Online #1</h4>\r\n<p>Memberikan hadiah kepada orang yang disayang merupakan hal yang sangat berkesan. Hadiah biasanya tidak hanya diberikan saat ulang tahun, tapi bisa juga diberikan saat momen momen tertentu. Momen nya ada bermacam macam contohnya ketika kelulusan, anniversary, hari ibu, dan lain lain. Hadiah yang diberikan juga bermacam macam, bisa berupa bunga, kue, parcel, ataupun gitfbox. Dengan begitu orang yang akan anda beri hadiah pasti akan sangat merasa senang.</p>\r\n<p>Meme florist Blitar hadir untuk membantu anda dalam mencari hadiah berupa bunga, kue, parcel dan lain lain. Selain itu juga terdapat bunga papan atau handbouquet untuk pernikahan yang bisa anda temukan di meme florist Blitar. Banyak produk yang disediakan oleh meme florist yakni bouquet bunga, bunga papan untuk ucapan suka cita atau duka cita, flower box, dan bermacam bunga lainnya. Selain itu anda bisa mendapat hadiah yang anda cari hanya dengan satu toko yakni meme florist Blitar.</p>\r\n<p>Untuk anda yang kebingungan dalam melakukan pemesanan, anda tidak perlu khawatir karena kami dapat melayani anda kapan pun melalui whatsapp. Dengan customer service terbaik dan berpengalaman yang akan membantu dalam pelayanan ataupun menjawab semua pertanyaaan anda. Kualitas dari bunga yang kami jual juga tidak abal abal, kami hanya menjual bunga dengan kualitas terbaik dan sesuai dengan keinginan anda. Dan juga budget yang diperlukan tentu saja bervariatif sesuai dengan model yang anda pesan. Anda tidak perlu ragu lagi dalam memesan berbagai bunga dan hadiah di meme florist blitar karena kami memberikan layanan yang terbaik untuk anda. Anda bisa menghubungi meme florist melalui website, email, whatsapp, dan juga berbagai aplikasi yang ada di smartphone anda untuk mendapat pelayanan.</p>', 'Toko Bunga Online Di Blitar #1 Free Ongkir - Delovery Blitar', 'Toko Bunga Online Di Blitar Yang Menyediakan Aneka Karangan Bunga Meliputi Bunga Papan, Buket Bunga, Standing Flower Dan Rangkaian Bunga Lainnya', 1, 0, 0, '2021-02-26 09:09:11', '2023-07-29 07:05:14'),
(62, 'Bogor', 0, 'Bogor', 'bogor', 'Toko Bunga Bogor, melayani Pengiriman Bunga Papan Ucapan, Hand Bouquet, Table Bouquet, Standing Flower, Flower Box & Cake.', '<h1>Delovery Bogor &ndash; Toko Bunga Online #1</h1>\r\n<p>Jawa Barat memiliki satu kota bernama Kota Bogor, sering juga disebut sebagai kota Hujan. Disebut kota Hujan karena di Bogor memiliki tingkat curah hujan yang tinggi. Walaupun curah hujan yang tinggi dibandingkan kota-kota lain tetapi Bogor bukan daerah yang terkena bencana banjir, kenapa? Karena Bogor berlokasi di dataran tinggi. Kesejukan udara yang dibangun oleh pohon-pohon di Bogor menjadikan para wisatawan betah jika berada di daerah Bogor.</p>\r\n<p>Selain alam yang sejuk, jangan sampai acara spesial di Bogor dengan orang-orang tersayang yang kamu tunggu-tunggu ternyata gagal kamu kunjungi ketika hampir hari H? Pasti akan sangat kecewa, tetapi jangan kawatir, Meme <a href=\"../../../bogor\" target=\"_blank\" rel=\"noopener\"><span style=\"text-decoration: underline;\">Florist Bogor</span></a> sebagai toko bunga online akan memberikan solusi bagaimana perasaan Anda akan tersampaikan melalui rangkaian bunga segar yang kami sediakan. Delovery muncul sebagai toko bunga online profesional yang siap memberikan fasilitas kirim bunga online ke tempat tujuan Anda. Dimanapun dan kapanpun bisa order, karena order tidak hanya melalui website, Whatsapp dan Email akan kami respon sebaik mungkin. <span style=\"text-decoration: underline;\"><a href=\"../../../bogor\" target=\"_blank\" rel=\"noopener\">Karangan bunga Bogor</a></span> yang segar akan kami siapkan dengan berbagai macam jenis. Jenis itu antara lain bunga papan, hand bouquet, table bouquet, standing flower, dll. <span style=\"text-decoration: underline;\"><a href=\"../../../bogor\" target=\"_blank\" rel=\"noopener\">Toko Bunga Bogor</a></span> Online kami akan menyesuaikan momen dan budget yang Anda sediakan.</p>\r\n<p>Bukan hanya menyediakan rangkaian <span style=\"text-decoration: underline;\"><a href=\"../../../bogor\" target=\"_blank\" rel=\"noopener\">bunga papan bogor</a></span> saja, kami juga melayani pemesanan berbagai macam bingkisan. Contoh Bingkisan lain itu adalah bunga dan coklat, cake, parcel. Rangakaian dan designer dari Delovery Bogor mempunyai keahlian dalam hal ini. Walaupun memiliki designer sendiri Anda jangan kawatir tentang hasil dari designer kita. Karena <span style=\"text-decoration: underline;\"><a href=\"../../../bogor\" target=\"_blank\" rel=\"noopener\">rangkaian bunga Bogor</a></span> Meme Florish akan kami sesuaikan dengan acara spesial Anda. Jangan khawatir jika tidak bisa datang ke acara spesialmu, kami akan datang melalui rangkaian bunga yang segar dan indah sehingga perasaan dan kehadiran anda akan terwakilkan di moment tak terlupakan ini.</p>', 'Toko Bunga Bogor Online #1 Free Ongkir - Delovery Bogor', 'Delovery Bogor Toko Bunga Bogor Online Melayani Berbagai Rangkaian Bunga Bogor Meliputi Buket Bunga, Bunga Papan, Standing Flower Dan Karangan Bunga Lainnya..', 1, 0, 0, '2021-02-26 09:11:01', '2023-07-29 07:05:14'),
(63, 'Wates', 0, 'wates', 'wates', 'Toko Bunga Wates, melayani Pengiriman Bunga Papan Ucapan, Hand Bouquet, Table Bouquet, Standing Flower, Flower Box & Cake.', '<h2>Delovery Wates - Toko Bunga Online #1</h2>\r\n<p>Salah satu kecamatan yang merupakan pusat administrasi dari kabupaten Kulon Progo. Wates yang dalam bahasa Jawa berarti batas. Wates merupakan wilayah yang berada di daerah perkotaan bagian selatan tak heran jika perkembangan wates tergolong tidak berkembang pesat. Namun sekarang wates mulai berkembang setelah berkembangnya bandara YIA yakni Yogyakarta Internasional Airport. Walaupun bukan merupakan wilayah yang sudah dikenal oleh banyak orang, dan masih banyak yang tidak mengetahuinya. Di Wates terdapat sebuah toko bunga online nomor 1 yang bisa melayani dengan pelayanan terbaik.</p>\r\n<p>Apalagi jika bukan Delovery Wates, anda bisa memesan berbagai produk yang tersedia di Delovery sesuai dengan kebutuhan anda. Anda bisa memesan bermacam macam produk untuk acara pernikahan, ulang tahun, wisuda, grand opening, birdal shower, hingga peringatan duka cita. Banyak sekali produk yang bisa anda dapatkan di Delovery Wates untuk melengkapi semua acara anda bersama orang yang anda sayang. Berbagai produknya yakni bouquet bunga, hand bouquet, paper flower, flower box, standing flower, bunga papan, cake, parcel dan juga hampers. Sangat lengkap hanya dengan satu toko online saja, dan tidak perlu kesulitan mencari toko lainnya.</p>\r\n<p>Delovery dijamin menyediakan produk terbaik yang tidak akan mengecewakan anda. Semua produk Delovery Wates dibuat dengan bantuan tim profesional Delovery sehingga produk yang dihasilkan sangat berkualitas. Anda bisa melihat berbagai katalog produk yang sudah ada di website Delovery Wates. Setelah anda melihat berbagai katalog dan sudah memutuskan produk mana yang akan anda beli, maka anda bisa langsung memesan melalui website. Namun tidak hanya bisa melalui website, anda juga bisa memesan melalui whatsapp, email, dan berbagai aplikasi lainnya yang ada di handphone anda. Lets order.</p>', 'Toko Rangkaian Bunga Online  Wates - Delovery Wates', 'Toko Bunga Online Wates. Butuh Karangan Bunga Papan, Rangkaian Bunga buket, Standing Flower dll, Delovery Pesan Bunga Mudah dan Cepat. GRATIS ONGKIR...', 1, 0, 0, '2021-02-26 09:30:56', '2023-07-29 07:05:14');
INSERT INTO `city` (`id`, `city_name`, `parent`, `city_keyword`, `city_slug`, `city_desc`, `city_longdesc`, `seo_title`, `seo_meta`, `city_status`, `favorite`, `view`, `city_created`, `city_update`) VALUES
(64, 'Purwokerto', 0, 'Purwokerto', 'purwokerto', 'Toko Bunga Purwokerto, melayani Pengiriman Bunga Papan Ucapan, Hand Bouquet, Table Bouquet, Standing Flower, Flower Box.', '<h2>Delovery Purwokerto&ndash; Toko Bunga Online #1</h2>\r\n<p>Mungkin anda sering melihat dan bertanya - tanya mengapa banyak orang memberikan mawar merah kepada pasangan mereka, baik itu untuk pacar maupun istri mereka. Hal tersebut tentunya tidak mengherankan, mengingat arti dari mawar merah ini menyimbolkan cinta yang membara dan identik dengan keromantisan. Banyak dari mereka yang mengartikan bahwa dengan memberikan mawar merah, secara tidak langsung kita sudah mengutarakan rasa cinta mereka. Bunga sendiri memiliki jenis dan warna yang berbeda. Walaupun memiliki jenis yang sama, bunga dengan warna yang berbeda juga memiliki arti atau makna yang berbeda pula. Maka dari itu, bunga sangat cocok untuk mengutarakan berbagai macam perasaan. Seperti cinta, ucapan selamat, ucapan duka cita, atau perasaan - perasaan lainnya.</p>\r\n<p>Berbicara mengenai bunga, Delovery Purwokerto hadir untuk membantu anda menyampaikan perasaan anda melalui buket bunga yang dirangkai dengan indah. Delovery Purwokerto merupakan toko bunga online yang telah dipercaya oleh banyak sekali klien dengan berbagai macam kebutuhan. Selain buket bunga, kami juga menyediakan berbagai macam produk rangkaian bunga lainnya, seperti papan bunga, flower box, standing flower, dan masih banyak yang lainnya. Selain itu, terdapat juga beberapa pilihan produk lain, seperti kado, parcel, bingkisan bayi, kue ulang tahun, dan masih banyak yang lainnya.</p>\r\n<p>Anda tidak perlu khawatir mengenai budget yang perlu anda keluarkan untuk membeli produk kami. Produk - produk kami dijual dengan harga yang bervariasi, jadi anda dapat menyesuaikannya dengan budget yang anda miliki. Pemesanan dapat dilakukan via Website, Email, Whatsapp, dan aplikasi - aplikasi lain yang ada di smartphone. Apabila anda ingin mengetahui informasi lebih lanjut mengenai produk yang kami sediakan atau membutuhkan rekomendasi produk, anda dapat menghubungi customer service kami via Whatsapp yang selalu siap sedia melayani selama 24 jam. Jadi, jangan ragu untuk memesan produk - produk yang kami sediakan. Kami akan senantiasa selalu memberikan pelayanan terbaik untuk anda.</p>', 'Toko Bunga Online Di Purwokerto #1 Free Ongkir - Delovery Purwokerto', 'Toko Bunga Online Di Purwokerto Yang Menyediakan Aneka Rangkaian Bunga Meliputi Bunga Papan, Standing Flower, Buket Bunga dan Karangan Bunga Lainnya', 1, 0, 0, '2021-02-26 09:33:25', '2023-07-29 07:05:14'),
(65, 'Indramayu', 0, 'indramayu', 'indramayu', 'Karangan Bunga Ucapan Kini Hadir Di Indramayu', '<h2>Delovery Indramayu - Toko Bunga Online #1</h2>\r\n<p>Melaksanakan pernikahan merupakan hari dimana menjadi hari paling istimewa dan spesial bagi kebanyakan orang. Pernikahan adalah sebuah ikatan yang teah disepakati dua orang dan akan berjanji sehidup semati bersama dan saling menyayangi. Akan banyak kebahagian di hari yang sangat istimewa ini, senyum dan raut wajah bahagia akan terlukis di muka anggota keluarga, kerabat, teman, sahabat, dan tentunya pasangan pengantin. Semuanya akan merasa bahagia, gelak tawa dan air mata bahagia akan meramaikan hari yang istimewa ini. Banyak orang yang menantikan hari paling bahagia ini. Hari yang istimewa tentunya harus dihiasi dengan bunga yang istimewa pula.</p>\r\n<p>Tapi mendapatkan bunga yang istimewa tidak bisa sembarangan, anda harus mendapatkan toko yang tepat untuk bunga di acara istimewa anda ini. Anda tidak peru khawatir mengenai ha tersebut, karena Delovery Indramayu hadir untuk anda. Delovery Indramayu menyediakan berbagai macam bunga untuk menghiasi hari istimewa anda. Anda bisa mendapatkan berbagai jenis bunga seperti standing flower, flower box, buoquet bunga, bunga papan, paper flower, dan bahkan anda bisa mendapatkan cake di Delovery. Sangat lengkap bukan, ini semua tersedia hanya untuk anda.</p>\r\n<p>Jika anda tertarik anda bisa melihat berbagai katalog yang ada di website Delovery. Kami akan memberikan pelayanan terbaik untuk anda. Anda juga bisa melakukan pemesanan melalui whatsapp dan email kami. Anda hanya perlu duduk dirumah, kemudian memesan dan pesanan anda akan selamat sampai rumah. Sangat menghemat tenaga dan efisien bukan? Anda akan lebih menghemat bahan bakar kendaraan anda jika memesan melalui online. Tidak perlu mengkhawatirkan mengenai kualitas karena Delovery menjaga kualitas barang terbaik untuk anda. Toko bunga online nomor 1 ini akan melayani anda dengan pelayanan terbaik dan akan membuat anda nyaman dan senang berbelanja disini.</p>', 'Toko Bunga Online Di Indramayu #1 Free Ongkir - Delovery Indramayu', 'Toko Bunga Online Di Indramayu melayani Aneka Rangkaian Bunga Papan Duka Cita, Ucapan Selamat Pernikahan, Buket Bunga, Standing Flower Dan Karangan Bunga Lainnya', 1, 0, 0, '2021-03-03 11:47:59', '2023-07-29 07:05:14'),
(66, 'Jambi', 0, 'Jambi', 'jambi', 'Toko Bunga Di Jambi - MemeFlorist Toko Rangkaian Bunga Online', '<h2>Toko Bunga Online #1 Di Jambi - Delovery Jambi</h2>\r\n<p>Menyampaikan sebuah pesan tidak hanya dapat dilakukan melalui lisan maupun tulisan saja. Terdapat berbagai cara lain yang muncul karena perkembangan jaman dan perpaduan berbagai macam kebudayaan di masyarakat. Salah satunya cara lain yang banyak diminati untuk menyampaikan pesan adalah dengan memberikan hadiah maupun bunga. Memberikan hadiah maupun bunga dijadikan alternatif untuk mengungkapkan berbagai macam pesan dari cinta, ucapan selamat, Ucapan duka Cita dll.</p>\r\n<p>Untuk membantu anda menyampaikan pesan istimewa anda Hadirlah Delovery Jambi. Delovery Jambi merupakan toko bunga online terpercaya yang menjadi pilihan utama bagi masyarakat di Jambi dan sekitarnya. Delovery Jambi menawarkan berbagai macam varian produk rangkaian bunga seperti buket bunga, bunga papan ucapan duka cita / ucapan selamat, flower box, dan rangkaian - rangkaian bunga lainnya. Tidak hanya menyediakan rangkaian bunga saja, untuk membantu anda secara maksimal dalam menyampaikan pesan / perasaan anda kami juga menghadirkan berbagai macam pilihan hadiah, kado, parcel, kue ulang tahun, dan bingkisan bayi.</p>\r\n<p>Anda tidak perlu bingung untuk dalam melakukan memesan, Karena kami memberikan layanan pemesanan via whatsapp yang dapat anda hubungi selama 24 jam. Dengan dukungan tim customer service berpengalaman dan tim produksi yang tersebar di berbagai kota2 besar di indonesia, kami akan memberikan yang terbaik untuk anda. Kami hanya menyediakan produk yang berkualitas dengan berbagai harga menarik sehingga anda tidak perlu khawatir berapa budget yang anda keluarkan untuk memesan bunga. Anda dapat dengan mudah menyesuaikan budget anda untuk memilih berbagai varian produk bunga dan hadiah yang kami tawarkan. Jadi, jangan ragu untuk menikmati semua layanan spesial yang kami berikan. Segera lakukan pemesanan bunga terbaik untuk momen spesial anda, dan kami akan membantu menyampaikan pesan anda melalui Bunga. Kami selaku toko bunga online terpercaya di jambi akan senantiasa memberikan pelayanan terbaik untuk anda.</p>', 'Toko Bunga Di Jambi - Delovery Toko Rangkaian Bunga Online', 'Bunga Papan Di Jambi dengan berbagai macam variasi bunga yang segar dengan harga terjangkau. Pemesanan Hubungi 08122883155', 1, 0, 0, '2021-03-03 11:54:33', '2023-07-29 07:05:14'),
(68, 'Temanggung', 0, 'temanggung', 'temanggung', 'Toko bunga yang terdekat di Temanggung. Gratis ongkir dalam kota temanggung, buka 24 jam', '<h2>Delovery Temanggung - Toko Bunga Online #1</h2>\r\n<p>Kabupaten temanggu merupakan sebuah wilayah yang ada di Jawa tengah. Kabupaten ini terletak di ketinggian 500 &ndash; 1450 meter diatas permukaan laut, dan diatas ketinggian tersebut sudah merupakan lereng gunung sumbing dan juga sindoro. Temanggung merupakan wilayah yang 70% penduduknya merupakan petani sehingga wilayah temanggung disebut dengan daerah agraris. Wilayah ini terkenal dengan daerah penghasil Tembakau, Kopi, Panili dan Aren terbanyak. Dan yang paling terkenal adalah pohon arennya, dimana hampir semua kebutuhan tepung sagu dan gula aren semuanya berasal dari Temanggung. Selain itu karena terletak diantara dua lereng gunung, Temanggung jadi memilki banyak sekali destinasi wisata yang bisa anda kunjungi.</p>\r\n<p>Salah satunya yakni embung kledung, anda bisa datang ke tempat ini bersama pasangan anda untuk mengahabiskan waktu bersama sama. Udara yang sejuk, pemandangan gunung yang indah akan membuat momen ini terasa sangat spesial jika dihabiskan bersama pasangan. Anda juga bisa memberikan hadiah kepada pasangan anda berupa bunga untuk mendukung suasana bahagia. Anda bisa mendapatkan berbagai rangkaian bunga dan hadiah untuk pasangan anda di Delovery Temanggung. Terdapat banyak sekali produk rangkaian bunga seperti bouquet bunga, table bouquet, hand bouquet, standing flower, bunga papan, paper flower, flower box, dan masih banyak lagi. selain berbagai rangkaian bunga, di Delovery Temanggung juga menjual berbagai cake, parcel, dan hampers.</p>\r\n<p>Hanya dengan mengunjungi Toko Bunga Online Delovery Temanggung ini anda sudah bisa mendapatkan berbagai keperluan untuk hadiah atau pelengkap acara spesial anda. Pemesanan disini juga sangat mudah, karena sekarang handphone sudah menjadi kebutuhan sehari hari. Hanya dengan menggunakan handphone anda, anda sudah bisa memesan berbagai rangkaian bunga di Delovery Temanggung. Anda bisa memesan melaui website, whatsapp, email, dan beberapa aplikasi lain di handphone anda. Produk yang anda pesan juga bisa langsung tiba beberapa jam setelah anda memesan. Dan tidak perlu khawatir mengenai ongkos kirim, karena kami memberikan gratis ongkos kirim untuk anda yang berada di Temanggung dan sekitarnya.</p>', 'Toko Bunga Online Di Temanggung #1 Free Ongkir - Delovery Temanggung', 'Toko Bunga Online Di Temanggung yang Menyediakan Aneka Rangkaian Bunga Meliputi Bunga Papan, Standing Flower, Buket Bunga dan Karangan Bunga Lainnya', 1, 0, 0, '2021-03-17 10:42:30', '2023-07-29 07:05:14'),
(69, 'Cianjur', 0, 'Cianjur', 'cianjur', 'Toko Bunga Cianjur, melayani Pengiriman Bunga Papan Ucapan, Hand Bouquet, Table Bouquet, Standing Flower, Flower Box & Cake.', '<h2>Delovery Cianjur - Toko Bunga #1</h2>\r\n<p>Memberikan ucapan suka cita maupun duka cita memiliki banyak cara selain melalui ucapan secara langsung. Ada yang menggunakan surat untuk mengungkapkan rasa suka cita atau duka cita. Ada juga yang menyampaikan pesan tersebut melalui bunga papan yang kemudian diberikan kepada yang bersangkutan. Dan juga masih banyak lagi cara mengungkapkan ucapan kepada seseorang yang spesial bagi kita. Memberikan ucapan berupa bunga papan pastinya sering kita temui disekitar kita. Dengan bunga bunga cantik yang menghiasi dan juga ungkapan kata kata yang singkat namun memberi makna yang dalam.</p>\r\n<p>Membicarakan mengenai bunga papan, Delovery Cianjur hadir untuk anda masyarakat Cianjur yang tengah mencari berbagai model bunga papan. Tidak hanya bunga papan Delovery Cianjur juga menyediakan berbagai macam bunga, kado, parcel, kue, dan masih banyak lagi. anda juga bisa memberikan sebuah ucapan menggunakan bucket bunga atau flower box dan bunga yang lain. Dengan begitu akan meninggalkan kesan yang mendalam kepada seseorang yang anda beri. Tidak hanya itu kami juga memiliki berbagai jenis kue yang bisa anda jadikan surprise kepada orang spesial anda. Anda bisa mendesign kue sesuai dengan keinginan anda dan pastinya dengan hasil yang memuaskan.</p>\r\n<p>Dengan berbagai macam bunga dan hadiah yang bisa anda dapatkan di Delovery Cianjur pasti akan lebih memudahkan anda. Selain itu anda bisa menghubungi Delovery selama 24 jam melalui whatsapp. Tidak hanya melalui whatsapp pelayanan kami juga bisa melalui email dan juga berbagai aplikasi yang ada di smartphone anda. Anda juga bisa memesan melalui website kami sehingga akan sangat memudahkan anda untuk memesan berbagai bunga dan kue. Dengan harga bervariatif dan kualitas yang terbaik di jamin anda akan sangat merasa nyaman.</p>\r\n<p>&nbsp;</p>', 'Toko Bunga Online Di Cianjur #1 Free Ongkir - Delovery Cianjur', 'Toko Bunga Online Di Cianjur Yang Menyediakan Aneka Rangkaian Bunga Meliputi Bunga Papan, Standing Flower, Buket Bunga dan Karangan Bunga Lainnya', 1, 0, 0, '2021-04-11 08:14:08', '2023-07-29 07:05:14'),
(70, 'Demak', 0, 'Demak', 'demak', 'Toko Bunga Demak, melayani Pengiriman Bunga Papan Ucapan, Hand Bouquet, Table Bouquet, Standing Flower, Flower Box & Cake.', '<h2>Delovery Demak - Toko Bunga #1</h2>\r\n<p>Bunga merupakan sebuah tumbuhan yang memiliki paras cantik dan menawan. Bunga bisa ditemukan hampir diseluruh tempat di Indonesia dengan bentuk dan warna yang berbeda beda. Ada salah satu bunga yang dikenal di Demak yakni bunga lawang atau bunga pekak. Bunga yang satu ini bukan merupakan bunga hias melainkan bunga yang tergolong jenis rempah rempah yang memiliki cita rasa hampir mirip dengan adas manis. Bunga ini sering dijadikan sebagai bahan baku wedang atau minuman hangat dari Demak. Demak merupakan salah satu kabupaten yang berada di Jawa Tengah yang biasa disebut dengan kota wali.</p>\r\n<p>Jika membicarakan tentang bunga pasti tidak asing dengan sebuah hadiah. Hadiah biasanya diberikan pada orang yang spesial dan istimewa. Sebenarnya banyak barang yang bisa dijadikan hadiah, namun bunga merupakan benda yang paling sering dijadikan sebagai hadiah. Ada banyak sekali jenis dan warna dari bunga, dan semua nya cantik bila dijadikan sebuah hadiah. Anda bisa mendapatkan bunga untuk kado orang tersayang di Delovery Demak. Tidak hanya bunga ada beragam jenis hadiah lain seperti kue, giftbox, parcel, dan bunga papan. Anda bisa mendapatkan dengan mudah melalui online dan anda bisa mendapatkan gratis ongkir untuk pemesan didaerah Demak dan sekitarnya. Sangat mudah bukan? Tentu saja karena hanya dengan memesan dari rumah bunga atau hadiah yang anda pesan akan sampai dirumah dengan selamat.</p>\r\n<p>Namun bagaimana cara melakukan pemesanan? Tenang saja Delovery Demak memiliki website, whatsapp, dan email yang bisa anda gunakan sebagai media pemesanan. Anda juga bisa bertanya terlebih dahulu sebelum melakukan pemesanan. Semua pesan dari anda akan segera dilayani dengan pelayanan terbaik. Tidak perlu mengkhawatirkan budget, karena anda bisa menyesuaikan hadiah yang akan anda beli sesuai dengan budget yang anda miliki. Dengan begitu semuanya akan menjadi mudah dan sangat efisien. Anda bisa mempercayakan hadiah anda untuk orang tersayang kepada Delovery Demak.</p>', 'Toko Bunga Online Di Demak #1 Free Ongkir - Delovery Demak', 'Toko Bunga Online Di Demak yang Menyediakan Aneka Rangkaian Bunga Meliputi Bunga Papan, Standing Flower, Buket Bunga dan Karangan Bunga Lainnya', 1, 0, 0, '2021-04-11 08:14:51', '2023-07-29 07:05:14'),
(71, 'Klaten', 0, 'Klaten', 'klaten', 'Toko Bunga Klaten, melayani Pengiriman Bunga Papan Ucapan, Hand Bouquet, Table Bouquet, Standing Flower, Flower Box & Cake.', '<h2>Delovery Klaten - Toko Bunga Online #1</h2>\r\n<p>Penggunaan karangan bunga papan pastinya sudah tidak asing lagi bagi masyarakat awam. Bunga papan yakni pajangan khas dari Indonesia yang biasa ditemukan dalam acara pernikahan, grand opening, ucapan duka cita atau acara suka cita lainnya. Bunga papan biasanya digunakan untuk menyampaikan pesan berupa tulisan dipapan persegi berukuran 1x1,25 &ndash; 2x2 meter. Pesan yang ditulis diatasnya dengan hiasan beberapa jenis bunga sesuai dengan design yang dipesan. Ketika ada orang yang meninggal dunia, biasanya bunga papan digunakan untuk media menyampaikan bela sungkawa terhadap keluarga mendiang. Juga dijadikan simbol penghormatan bagi orang yang sudah meninggal dunia. Tidak hanya acara dukacita, bunga papan juga kerap digunakan untuk menyampaikan pesan di acara acara bahagia. Bunga papan di acara bahagia biasanya dihiasi dengan bunga bunga asli dengan beragam jenis.</p>\r\n<p>Jika anda ingin menyampaikan ucapan berupa bunga papan, anda bisa memesan di Delovery Klaten. Tidak hanya itu, anda bisa memesan sesuai dengan design yang anda inginkan. Pesan yang akan tertulis diatasnya pula bisa disesuaikan dengan apa yang ingin anda ungkapkan. Anda bisa memberikan bunga papan beraneka jenis ke kerabat, teman, sahabat, atau pasangan anda. Dengan bunga papan pesan yang ingin anda sampaikan akan lebih bermakna di hati seseorang yang menerimanya. Tidak hanya bunga papan, anda bisa memesan berbagai bouquet bunga, paper flower, flower box, parcel, hampers, hingga cake. Sangat lengkap bukan? Anda bisa memberikan ucapan dengan flower box atau rangkaian bunga yang lainnya.</p>\r\n<p>Masih bingung bagaimana melakukan pemesanan? Pemesanan di Delovery sangatah mudah. Anda hanya perlu membuka website kami kemudian memilih karangan bunga atau lainnya sesuai dengan katalog, kemudian anda bisa langsung memesan melalui website. Mudah sekali memang, jika ada pertanyaan atau ingin request desain lain anda bisa langsung whatsapp atau email ke kami sesuai dengan nomor atau email yang tertera pada website. Kami akan memberikan layanan kepada anda 24 jam, sehingga semuanya akan menjadi sangat mudah. Kami juga akan memberikan pelayanan terbaik kami supaya anda merasa nyaman ketika membeli di Delovery Klaten. Sangat hemat, efisien, ringkas, dan tentu saja lebih efektif dari pada membeli bunga secara offline.</p>\r\n<p>&nbsp;</p>', 'Toko Bunga Online Di Klaten #1 Free Ongkir - Delovery Klaten', 'Toko Bunga Online Di Klaten Yang Menyediakan Aneka Rangkaian Bunga Meliputi Bunga Papan, Standing Flower, Buket Bunga dan Karangan Bunga Lainnya', 1, 0, 0, '2021-04-11 08:15:47', '2023-07-29 07:05:14'),
(72, 'Lumajang', 0, 'Lumajang', 'lumajang', 'Toko Bunga Lumajang, melayani Pengiriman Bunga Papan Ucapan, Hand Bouquet, Table Bouquet, Standing Flower, Flower Box & Cake.', '<h2>Delovery Lumajang - Toko Bunga Online #1</h2>\r\n<p>Perkembangan teknologi saat ini telah memudahkan kita dalam berbagai hal. Mulai dari kebutuhan sekolah, pekerjaan, rumahan, semuanya saat ini dapat dilakukan dengan mudah karena adanya perkembangan teknologi. Banyak sekali orang dan perusahaan yang diuntungkan karena adanya perkembangan teknologi. Contohnya saja Delovery Lumajang yang menyediakan pemesanan buket bunga secara online. Anda dapat melakukan pemesanan secara online tanpa harus datang ke toko secara langsung. Sistem ini terpercaya jauh lebih mudah dan dapat menghemat lebih banyak waktu.</p>\r\n<p>Delovery Lumajang merupakan toko bunga online yang telah terpercaya menangani berbagai macam kebutuhan klien di daerah Lumajang dan sekitarnya. Delovery Lumajang menyediakan berbagai macam produk rangkaian bunga, seperti buket bunga, flower box, bunga papan, dan macam - macam produk rangkaian bunga lainnya. Selain produk rangkaian bunga, tersedia juga macam - macam pilihan hadiah, seperti kado, parcel, bingkisan bayi, kue ulang tahun, dan masih banyak yang lainnya.</p>\r\n<p>Produk - produk yang tersedia di Delovery Lumajang dijual dengan harga yang bervariasi. Jadi, anda dapat memilih produk yang sesuai dengan budget yang anda miliki. Pemesanan produk dapat anda lakukan melalui layanan pemesanan via website, whatsapp, Email, dan berbagai macam aplikasi yang tersedia di smartphone. Anda dapat melihat katalog produk di website kami. Untuk mengetahui informasi lebih lanjut mengenai produk, anda dapat menghubungi customer service kami via Whatsapp yang selalu hadir selama 24 jam. Segera lakukan pemesanan produk - produk kami. Kami selalu siap melayani dan mengantarkan pesanan anda ke berbagai wilayah di Lumajang dan sekitarnya.</p>', 'Toko Bunga Online Di Lumajang #1 Free Ongkir - Delovery Lumajang', 'Toko Bunga Online Di Lumajang Yang Menyediakan Aneka Rangkaian Bunga Meliputi Bunga Papan, Standing Flower, Buket Bunga dan Karangan Bunga Lainnya', 1, 0, 0, '2021-04-11 08:16:40', '2023-07-29 07:05:14'),
(73, 'Mojokerto', 0, 'Mojokerto', 'mojokerto', 'Toko Bunga Mojokerto, melayani Pengiriman Bunga Papan Ucapan, Hand Bouquet, Table Bouquet, Standing Flower, Flower Box & Cake.', '<h2>Delovery Mojokerto - Toko Bunga Online Free Ongkir</h2>\r\n<p>Jawa Timur memang memiliki banyak kota yang mempunyai ciri khas tersendiri, salah satunya yakni Mojokerto. Mojokerto merupakan salah satu kabupaten di Jawa Timur yang memiliki banyak tempat wisata yang memiliki cerita sejarah. Tidak hanya yang bersangkutan dengan sejarah saja tapi di Mojokerto juga terdapat beberapa wisata alam yang wajib dikunjungi. Di Mojokerto terdapat beberapa candi yang merupakan peninggalan dari jaman kerajaan majapahit. Selain itu ada sebuah vihara yang sangat terkenal di Mojokerto yakni Maha Vihara Mojopahit. Terdapat patung budha tidur yang sangat besar dan yang disebut sebut terbesar di asia tenggara setelah yang ada di Nepal dan Thailand.</p>\r\n<p>Di Mojokerto juga tidak berbeda dari beberapa kota dan kabupaten di Jawatimur. Yakni bunga dijadikan sebagai hiasan di acara pernikahan, peresmian gedung, ulang tahun dan masih banyak lagi. Hal tersebut sudah tidak asing lagi di wilayah Mojokerto, oleh karena itu Delovery Mojokerto hadir untuk memenuhi kebutuhan anda. Anda bisa menemukan berbagai dekorasi bunga untuk acara anda. Dengan desain sesuai dengan keinginan anda dan tentunya dengan budget yang sangat bisa anda sesuaikan dengan budget anda. Di Delovery Mojokerto anda bisa menemukan banyak hal seperti bouquet bunga, paper flower, standing flower, bunga papan, parcel dan hampers, hingga cake anda bisa temukan di Toko Bunga online ini. Dengan tim profesional yang dimiliki oleh Delovery Mojokerto akan membuat pesanan anda dengan sangat profesional. Dan hasil pesanan anda pasti akan sangat memuaskan</p>\r\n<p>Anda bisa melihat berbagai katalog produk di website kami. Untuk melakukan pemesanan anda tidak perlu bingung lagi, karena pemesanan bisa anda lakukan langsung melalui website. Tidak hanya melalui website, kami juga akan menerima pesanan anda melalui email, whatsapp dan beberapa aplikasi di ponsel anda. Dengan begitu akan sangat memudahkan anda dalam melakukan pemesanan dan tidak perlu mencari baramg keluar rumah. Terlebih lagi kami akan memberikan pelayanan terbaik kepada anda sehingga anda akan sangat nyaman memesan di Delovery Mojokerto. Kami juga akan memberikan free ongkir untuk anda yang berada di wilayah mojokerto dan sekitarnya. Tunggu apalagi, segera hubungi costumer service kami dan pesan barang yang anda butuhkan.</p>', 'Toko Bunga Online Di Mojokerto #1 Free Ongkir - Delovery Aceh', 'Toko Bunga Online Di Mojokerto yang Menyediakan Aneka Rangkaian Bunga Meliputi Bunga Papan, Standing Flower, Buket Bunga dan Karangan Bunga Lainnya', 1, 0, 0, '2021-04-11 08:17:13', '2023-07-29 07:05:14'),
(74, 'Purworejo ', 0, 'Purworejo ', 'purworejo', 'Toko Bunga Purworejo, melayani Pengiriman Bunga Papan Ucapan, Hand Bouquet, Table Bouquet, Standing Flower, Flower Box & Cake.', '<h2>Delovery Purworejo - Toko Bunga Online #1</h2>\r\n<p>Puworejo merupakan salah satu kabupaten yang ada di Jawa Tengah. Kota ini dikenal sebagai kota pejuang karena banyak pahlawan nasional yang lahir di Purworejo. Dari banyaknya kota dan kabupaten yang ada di Jawa Tengah, Purworejo merupakan salah satu penghasil rempah rempah terbesar. Ada sekitar 75 pabrik jamu yang mengandalkan bahan baku rempah rempah dari kabupaten yang satu ini. Kabupaten ini merupakan salah satu wilayah di Jawa Tengah yang masih sangat asri dan terdapat banyak perkebunan. Tak heran jika udara di Purworejo sangat sejuk dan terasa seperti suasana pedesaan. Ada pula tanaman hias yang hanya bisa ditemukan di Purworejo. Yakni bunga anggrek dan hoya khas yang merupakan potensi luar biasa dari kota Purworejo. &nbsp;</p>\r\n<p>Bicara tentang bunga, anda juga bisa menemukan berbagai rangkaian bunga yang ada di Delovery Purworejo loh. Delovery Purworejo hadir untuk anda dengan berbagai bouquet bunga, standing flower, hand bouquet, cake, bunga papan, flower box, paper flower, hingga parcel dan hampers. Sangat lengkap bukan? Anda bisa menemukan kue ulang tahun untuk saudara, kerabat, teman, sahabat di Delovery Purworejo. Atau ketika anda ingin memberi hadiah wisuda berupa bouquet bunga, anda juga bisa menemukannya di Delovery. Banyak desain dan bentuk rangkaian yang bisa anda pesan di Delovery, dan tentunya sangat beragam dan indah.</p>\r\n<p>Pemesanan di Delovery juga sangat mudah, anda tidak perlu datang langsung ke store dan hanya perlu menggunakan ponsel pintar anda saja. Hanya dengan membuka website Delovery, dan anda akan menemukan berbagai katalog bunga yang bisa anda pilih. Anda juga bisa memesan langsung melalui website, selain website kami juga menerima pesanana melalui whatsapp, email, dan aplikasi lain yang ada di pomsel pintar anda. Mudah, cepat, dan efisien, anda tidak perlu lagi kesusahan pergi keluar. Hanya duduk dirumah dan menunggu pesanan anda datang kerumah dengan selamat. Kami juga memberikan gratis ongkir untuk anda yang berada di wilayah Puroworejo dan sekitarnya. Ayo segera hubungi customer service kami dan pesan bunga yang anda inginkan. Lets order.</p>', 'Toko Bunga Online Di Purworejo #1 Free Ongkir - Delovery Purworejo', 'Toko Bunga Online Di Purworejo yang Menyediakan Aneka Rangkaian Bunga Meliputi Bunga Papan, Standing Flower, Buket Bunga dan Karangan Bunga Lainnya', 1, 0, 0, '2021-04-11 08:18:02', '2023-07-29 07:05:14'),
(75, 'Palu', 0, 'Palu', 'palu', 'Toko Bunga Palu, melayani Pengiriman Bunga Papan Ucapan, Hand Bouquet, Table Bouquet, Standing Flower, Flower Box & Cake.', '<h2><strong>Toko Bunga Online Di Palu #1 Free Ongkir - Delovery Palu</strong></h2>\r\n<p>Untuk merayakan hari spesial, dibutuhkan pula hadiah yang spesial. Hadiah yang spesial ini tidak harus berupa barang yang mewah atau memiliki harga yang mahal. Anda dapat menghadiahkan buket bunga spesial untuk merayakan momen spesial anda bersama dengan orang tersayang. Selain memiliki harga yang terjangkau, buket bunga juga sangat cocok untuk digunakan sebagai ucapan untuk berbagai macam kebutuhan. Contohnya saja untuk ucapan selamat ulang tahun, peresmian gedung, selamat pernikahan, selamat atas kelahiran, pelantikan pejabat, dan hari - hari spesial lainnya.</p>\r\n<p>Delovery Palu merupakan pilihan yang tepat bagi anda yang sedang mencari toko bunga online terpercaya dan profesional. Delovery Palu menyediakan berbagai macam rangkaian bunga, seperti buket bunga, bunga papan, flower box, dan masih banyak yang lainnya. Tidak hanya menyediakan rangkaian bunga, kami juga menyediakan berbagai macam jenis hadiah lainnya, seperti kado, parcel, kue ulang tahun, dan bingkisan bayi. Produk - produk ini dijual dengan harga yang terjangkau. Anda dapat memilih rangkaian bunga atau hadiah yang sesuai dengan budget anda.</p>\r\n<p>Pemesanan rangkaian bunga dan hadiah ini dapat anda lakukan dimana saja dan kapan saja melalui pemesanan via website, Email, Whatsapp, dan juga berbagai macam aplikasi yang ada dalam smartphone. Service dan layanan pemesanan online kami selalu hadir selama 24 jam untuk menangani pemesanan anda. Jadi, jangan ragu untuk memesan produk - produk buatan kami. Kami siap mengirimkan pesanan anda ke berbagai wilayah di Palu dan sekitarnya.</p>', 'Toko Bunga Online Di Palu #1 Free Ongkir - Delovery Palu', 'Toko Bunga Online Di Palu Yang Menyediakan Aneka Rangkaian Bunga Meliputi Bunga Papan, Standing Flower, Buket Bunga dan Karangan Bunga Lainnya', 1, 0, 0, '2021-04-11 08:18:33', '2023-07-29 07:05:14'),
(76, 'Pandeglang', 0, 'Pandeglang', 'pandeglang', 'Toko Bunga Pandeglang, melayani Pengiriman Bunga Papan Ucapan, Hand Bouquet, Table Bouquet, Standing Flower, Flower Box & Cake.', '<h2>Delovery Pandeglang - Toko Bunga Online #1</h2>\r\n<p>Merayakan hari jadi pernikahan atau hari jadian bersama pasangan adalah hal tidak asing lagi di dengar. Hari jadi sebuah hubungan tentu saja menjadi hari yang berkesan antara dua pasangan. Karena di hari tersebut merupakan hari bersejarah dalam perjalan cinta mereka. Oleh karena itu tidak heran jika di hari annyversary sepasang kekasih akan pergi berwisata atau sekedar pergi menghabiskan waktu bersama. Tapi jika hanya pergi berdua saja masih terasa kurang, akan lebih lengkap jika tidak memberikan hadiah annyversary kepada pasangan. Masih bingung memilih hadiah untuk pasanganmu di hari bahagia kalian? Tenang kini Delovery Pandeglang hadir untuk kamu.</p>\r\n<p>Di Delovery Pandeglang kamu bisa menemukan hadiah yang bisa kamu berikan kepada pasanganmu di hari spesial kalian ini. Kamu bisa memberikan bouquet bunga dengan sebuah boneka atau coklat. Atau kamu juga bisa memberikan flower box dengan coklat didalamnya. Dijamin pasanganmu akan sangat senang dengan hadiah yang kamu berikan. Tidak hanya bouquet bunga dan flower box, di Delovery terdapat berbagai rangkaian bunga, paper flower, bunga papan, cake, parcel dan hampers. Jadi tidak hanya hari annyversary mu yang akan berkesan bersama dengan Delovery. Tapi kamu bisa membeli bunga dan kue ketika pasanganmu berulang tahun, atau ketika kamu akan memberikan kejutan padanya.</p>\r\n<p>Bagaimana? Sangat romantis bukan? Jadi tunggu apalagi langsung saja hubungi costumer service kami dan memesan hadiah yang kamu inginkan. Kamu akan dilayani dengan pelayanan terbaik selama 24 jam. Tidak hanya itu katalog Delovery juga akan membantumu dalam memilih hadiah untuk pasanganmu. Selain itu kamu juga bisa mendesain bunga atau cake sesuai dengan keinginan mu sendiri. Pemesanan juga sangat mudah hanya dengan membuka website kami dan kamu sudah bisa langsung memesan melalui website. Tidak hanya website kamu juga bisa memesan melalui whatsapp, email, dan berbagai aplikasi yang ada di smartphone mu. Terlebih lagi kami akan memberikan gratis ongkir untuk kamu yang berada di pandeglang dan sekitarnya. Lets order, say it with flower.</p>', 'Toko Bunga Online Di Pandeglang #1 Free Ongkir - Delovery Pandeglang', 'Toko Bunga Online Di Pandeglang Yang Menyediakan Aneka Rangkaian Bunga Meliputi Bunga Papan, Standing Flower, Buket Bunga dan Karangan Bunga Lainnya', 1, 0, 0, '2021-04-11 08:20:10', '2023-07-29 07:05:14'),
(77, 'Jember', 0, 'Jember', 'jember', 'Toko Bunga Jember, melayani Pengiriman Bunga Papan Ucapan, Hand Bouquet, Table Bouquet, Standing Flower, Flower Box & Cake.', '<h2>Delovery Jember - Toko Bunga Online #1</h2>\r\n<p>Kabupaten Jember merupakan sebuah wilayah yang ada di provinsi Jawa Timur. Jember berada di lereng pegunungan bernama pegunungan Lyang dengan puncak gunung Argopuro. Secara geograsfi Jember memiliki letak yang sangat strategis dengan banyak sumber daya alam didalamnya. Terlebih lagi Jember memiliki peristiwa sejarah yang menarik untuk dicari tau lebih dalam. Tidak hanya itu kabupaten Jember merupakan pusat pendidikan yang ada di Jawa Timur selain kota Surabaya dan Malang. Jember pula memiliki beberapa sungai yang mengitari area Jember, diantaranya yakni sungai Bedadung yang bersumber di pegunungan Iyang dibagian tengah. Kemudian ada pula sungai mayang yang bersumber dari pegunungan Raung di bagian Timur. Dan juga sungai Bondoyudo yang bersumber dari gunung Semeru di bagian Barat.</p>\r\n<p>Ada banyak sekali penampakan alam yang ada di kabupaten Jember dan semua bisa dinikmati oleh para pengunjung dari berbagai daerah. Selain itu anda yang sedang berkunjung ke Jember atau berdomisili di Jember dan sedang mencari berbagai bunga atau cake anda bisa mengunjungi website Delovery Jember. Terdapat berbagai macam barang seperti flower paper, flower box, cake, parcel, hampers, berbagai bouquet dan juga bunga papan. Anda bisa membeli cake ulang tahun di Delovery Jember, atau ketika anda ingin memberikan hadiah berupa bunga kepada pasangan anda. Selain itu anda juga bisa memesan berbagai kebutuhan untuk pernikahan anda seperti hand bouguet, bunga papan selamat datang, standing flower, wedding cake dan masih banyak lagi. Delovery Jember hadir untuk memenuhi kebutuhan anda dalam mencari hadiah atau berbagai bunga.</p>\r\n<p>Tak perlu khawatir lagi mengenai biaya atau budget yang anda miliki, karena anda bisa memesan barang sesuai dengan budget yang anda miiki. Selain itu anda juga tidak perlu khawatir mengenai ongkir yang akan tercantum dalam pesanan anda, karena kami menawarkan gratis ongkir untuk anda di wilayah Jember dan sekitarnya. Tidak perlu pergi keluar rumah berpanas panasan, hanya melalui website, email, whatsapp dan berbagai aplikasi lain di ponsel anda, anda sudah bisa memesan berbagai barang di Delovery Jember. Lebih hemat tenaga dan efisien sekali ketimbang harus mencari toko offline.</p>', 'Toko Bunga Online Di Jember #1 Free Ongkir - Delovery Jember', 'Toko Bunga Online Di Jember yang Menyediakan Aneka Rangkaian Bunga Meliputi Bunga Papan, Standing Flower, Buket Bunga dan Karangan Bunga Lainnya', 1, 0, 0, '2021-04-11 08:21:11', '2023-07-29 07:05:14'),
(78, 'Gresik', 0, 'Gresik', 'gresik', 'Toko Bunga Gresik, melayani Pengiriman Bunga Papan Ucapan, Hand Bouquet, Table Bouquet, Standing Flower, Flower Box & Cake.', '<h2>Delovery Gresik - Toko Bunga #1</h2>\r\n<p>Jika mendengar nama kabupaten gresik pasti tidak asing lagi dengan sunan Gresik atau yang memiliki nama asli Maulana Malik Ibrahim. Dikenal dengan sebutan sunan Gresik dikarenakan wilayah dakwahnya berada di Gresik. Gresik merupakan sebuah kabupaten yang berada di wilayah provinsi Jawa Timur. Selain itu ada makanan khas dan tempat wisata yang tidak boleh terlewatkan ketika anda berkunjung ke kabupaten yang satu ini. Itu akan menjadi pengalaman yang mengesankan untuk anda dan akan sangat terukir di pikiran. Karena banyak peninggalan mengenai peranan para wali di kabupaten ini, Gresik dikenal pula menjadi kota walisongo. Jadi tak salah jika di Gresik terdapat banyak temoat religi yang wajib anda kunjungi. Selain itu juga banyak wisata alam yang anda bisa temukan digresik.</p>\r\n<p>Tidak hanya tempat religi dan juga tempat wisata alam, anda juga bisa menemukan Delovery di Gresik. Delovery Gresik sebagai toko bunga online nomor 1 bisa anda temukan di banyak wilayah di Indonesia salah satunya Gresik. Anda bisa menemukan banyak sekali barang di Delovery Gresik seperti bouquet bunga, paper flower, flower box, bunga papan, parcel dan juga hampers. Selain itu Delovery Gresik juga bisa membantu untuk persiapan pernikahan anda atau untuk hari ulang tahun orang terkasih. Delovery juga menyediakan cake untuk ulang tahun atau pernikahan dengan design yang bisa anda sesuaikan dengan keinginan anda.</p>\r\n<p>Sangat lengkap bukan? Anda bisa mendapatkan banyak barang hanya di satu tempat yakni Delovery Gresik. Banyak jenis bunga dan cake yang bisa anda pilih sesuai dengan keinginan anda. Anda bisa melihat berbagai produk Delovery Gresik di website Delovery. Selain itu anda akan dengan mudah melakukan pemesanan melalui webiste dari Delovery. Untuk anda yang bingung mengenai barang yang ingin anda pesan, anda bisa menanyakan langsung pada kami melalui website, email, whatsapp, atau aplikasi lain yang ada di gadget anda. Kami anda memberikan pelayanan yang terbaik sehingga anda akan sangat nyaman berbelanja di Delovery Gresik. Anda juga tidak peru khawatir mengenai ongkos kirim karena anda akan mendapatkan gratis ongkir untuk pemesanan area Gresik dan sekitarnya.</p>', 'Toko Bunga Online Di Gresik #1 Free Ongkir - Delovery Gresik', 'Toko Bunga Online Di Gresik yang Menyediakan Aneka Rangkaian Bunga Meliputi Bunga Papan, Standing Flower, Buket Bunga dan Karangan Bunga Lainnya', 1, 0, 0, '2021-04-11 08:21:45', '2023-07-29 07:05:14'),
(79, 'Ungaran', 0, 'Ungaran', 'ungaran', 'Toko Bunga Ungaran, melayani Pengiriman Bunga Papan Ucapan, Hand Bouquet, Table Bouquet, Standing Flower, Flower Box & Cake.', '<h2>Delovery Ungaran - Toko Bunga Online #1</h2>\r\n<p>Mengungkapkan perasaan atau menyampaikan pesan kepada seseorang memang lah hal yang membutuhkan keberanian. Banyak orang yang masih sungkan atau malu menyampaikan pesan atau mengungkapkan perasaan secara langsung. Tapi anda tidak perlu bingung lagi ketika ingin mengungkapkan perasaan atau menyampaikan pesan kepada seseorang. Anda bisa menggunakan bung sebagai perantaranya. Karena bunga merupakan hal yang memiliki arti dan makna pada setiap jenis dan warnanya, jadi bisa disesuaikan dengan pesan apa yang akan disampaikan. Selain itu anda bisa menambahkan secarik surat dan juga coklat untuk menambahkan kesan romantis pada bunga anda.</p>\r\n<p>Berbagai bunga bisa anda dapatkan di Delovery Ungaran. Rangkaian bunga beragam jenis mulai dari hand bouquet, bouquet bunga, flower box, paper flower, standing flower, hingga bunga papan tersedia di Delovery Ungaran. Selain berbagai rangkaian bunga terdapat juga berbagai cake, parcel, dan juga hampers. Anda bisa menyesuaikan desain favorit anda untuk cake yang akan anda pesan. Ketika anda lupa melakukan pemesanan bunga tetapi acaranya hari itu juga, maka anda bisa memesan bunga di Delovery dan bunga anda bisa dikirim dihari yang sama pula.</p>\r\n<p>Produk yang dibuat di Delovery dibantu oleh tim profesional sehingga produk lebih berkualitas dan merupakan produk terbaik. Anda bisa melihat berbagai katalog produk di website Delovery, dan juga anda bisa melakukan pemesanan langsung melalui website. Tidak hanya website anda bisa memesan melalui whatsapp, email, dan aplikasi lain yang ada di smartphone anda. Gratis ongkos kirim juga bisa anda dapatkan jika anda berada di wilayah Ungaran dan sekitarnya. Segera memesan berbagai rangkaian bunga untuk melengkapi momen spesial anda, lets order.</p>\r\n<p>&nbsp;</p>', 'Toko Bunga Online Di Ungaran #1 Free Ongkir - Delovery Ungaran', 'Toko Bunga Online Di Ungaran yang Menyediakan Aneka Rangkaian Bunga Meliputi Bunga Papan, Standing Flower, Buket Bunga dan Karangan Bunga Lainnya', 1, 0, 0, '2021-04-11 08:22:43', '2023-07-29 07:05:14'),
(80, 'Mataram', 0, 'Mataram', 'mataram', 'Toko Bunga Mataram, melayani Pengiriman Bunga Papan Ucapan, Hand Bouquet, Table Bouquet, Standing Flower, Flower Box & Cake.', '<h2>Delovery Mataram - Toko Bunga Online #1</h2>\r\n<p>Kota Mataram merupakan ibu kota dari provinsi Nusa Tenggara Barat. Merupakan kota terbesar yang ada di pulai Lombok. Saat berkunjung ke kota yang satu ini anda akan merasakan adat Bali dan Sasak yang sangat kental di kota ini. Banyak sekali wisata budaya di mataram yang bisa anda eksplorasi ketika berkunjung ke Mataram. Mataram pula memiliki banyak wisata alam yang sangat memukau mata saat dikunjungi. Salah satu nya yakni pantai senggigi yang berada di ujung barat pulau Lombok. Dengan pasir putih yang menghampar dan air bewarna biru yang sangat memanjakan mata, ditambah lagi sinar matahari yang menambah kilap pada air. Pemandangan tersebut sangat indah dinikmati apalagi dengan berjemur, atau ketika mulai sore anda bisa menikmati sunset bersama orang yang anda sayangi.</p>\r\n<p>Saat menonton sunset itu lah saat yang tepat untuk anda memberikan hadiah kepada orang yang anda sayangi. Dengan sinar senja dari matahari yang hampir terbenam, flower box menjadi hal yang sangat cocok di jadikan sebagai hadiah. Tapi dimana anda bisa menemukan flower box? Tentu saja di Toko bunga Online Delovery Mataram. Disini anda bisa menemukan berbagai hadiah yang bisa anda berikan kepada pasangan atau orang yang sangat anda sayangi. Tidak hanya flower box, terdapat juga bouquet bunga, paper flower, standing flower, bunga papan, parcel dan hampers, hingga cake. Anda akan sangat mudah menemukan berbagai hadiah di Delovery Mataram. Kami akan memberikan pelayanan 24 jam untuk melayani anda.</p>\r\n<p>Dibantu dengan tim yang profesional di Delovery akan menyiapkan pesanan anda dengan sangat baik. Anda bisa melihat katalog dari berbagai barang di Delovery Malang melalui katalog yang sudah tersedia di website kami. Anda juga bisa memesan bunga dengan desain yang anda inginkan. Pemesanan juga sangat mudah, anda bisa memesan langsung melalui website, atau bisa juga memesan melalui whatsapp, email, dan aplikasi lain yang ada di ponsel anda. Sangat mudah bukan, anda hanya perlu duduk manis dirumah dengan menanti pesanan anda datang kerumah. Kami juga akan memberikan gratis ongkir untuk wilayah Mataram dan sekitarnya, jadi anda tidak perlu khawatir mengenai ongkir lagi. Jadi tunggu apalagi, segera hubungi costumer service kami dan pesan bunga yang anda inginkan.</p>', 'Toko Bunga Online Di Mataram #1 Free Ongkir - Delovery Mataram', 'Toko Bunga Online Di Mataram yang Menyediakan Aneka Rangkaian Bunga Meliputi Bunga Papan, Standing Flower, Buket Bunga dan Karangan Bunga Lainnya', 1, 0, 0, '2021-04-11 08:23:36', '2023-07-29 07:05:14'),
(81, 'Subang', 0, 'Subang', 'subang', 'Toko Karangan Bunga Papan Ucapan, Duka Cita, Pernikahan, Congratulations Perusahaan. Pesan Langsung Kirim Hari Ini Subang dan Sekitarnya. Bunga Segar Bukan Bekas. Layanan: Gratis Kirim, Bunga Segar, Bunga Baru.', '<h2>Delovery Subang - Toko Bunga Online #1</h2>\r\n<p>Melakukan resepsi pernikahan memanglah sebuah momen yang sangat menegangkan dan tidak akan terlupakan. Momen bahagia ini hanya dirasakan sekali dalam seumur hidup dan akan menjadi salah satu kenangan yang paling indah yang terjadi hanya sekali saja. Walaupun nanti kehidupan setelah pernikahan akan semakin indah, tapi prosesi resepsi merupakan momen terindah yang dialami oleh dua insan manusia. Banyak teman, sahabat, kerabat, keluarga yang datang dan bersuka cita bersama sama. Didalam acara pernikahan pastinya ada satu acara dimana kedua mempelai melemparkan hand bouquet dan siapa pun yang menangkapnya dipercaya akan segera menyusul menikah.</p>\r\n<p>Bunga yang diguankan sebagai properti itu pun tidak boleh sembarang bunga. Bunga yang dipilih harus selaras dengan tema dan juga memiliki makna yang indah. Banyak jenis bunga cantik yang bisa dijadikan sebagai hand bouquet pernikahan. Selain itu pastinya banyak ditemukan berbagai jenis rangkaian bunga yang menghiasi panggung pelaminan. Namun jika anda masih bingung harus menemukan berbagai jenis bunga tersebut dimana, tenang saja anda bisa menemukannya di Delovery Subang. Delovery Subang menyediakan berbagai jenis produk bunga yakni bouquet bunga, hand bouquet, flower box, paper flower, bunga papan, cake, hingga hampers dan parcel. Jadi anda bisa menemukan segala kebutuhan pernikahan anda di Delovery Subang. Tidak hanya pernikahan anda bisa memesan produk Meme FLorist untuk berbagai acara seperti wisuda, ulang tahun, grand opening, ataupun acara duka cita.</p>\r\n<p>Pemesanan di Meme Forist Subang juga sangat mudah. Anda hanya perlu membuka website dari Delovery Subang dan melakukan pemesanan langsung melalui website. Di website anda juga bisa menemukan berbagai katalog produk rangkaian bunga, cake, dan sebagainya. Selain website anda juga bisa memesan melalui whatsapp, email, dan aplikasi lainnya di smarthphone anda. Sangat mudah dan efektif, tapi tentunya dengan kualitas yang terbaik. Dan tidak lupa anda juga bisa mendapatkan gratis ongkir. Say it with flower</p>', 'Toko Bunga Online Di Subang #1 Free Ongkir - Delovery Subang', 'Toko Bunga Online Di Subang Yang Menyediakan Aneka Rangkaian Bunga Meliputi Buket Bunga, Bunga Papan, Standing Flower Dan Karangan Bunga Lainnya', 1, 0, 0, '2021-04-12 23:48:38', '2023-07-29 07:05:14'),
(82, 'Ubud', 0, 'Ubud Bali', 'ubud', 'Toko Bunga Ubud Bali Fast Respond Online 24 Jam. Kirim Cepat dan Aman Terjamin. Wedding, Congratulations, Duka Cita, Hand Buket, Bunga Meja, Standing Flower. Bunga Segar. Harga Bersaing. Pengiriman Cepat.', '<h2>Delovery Ubud - Toko Bunga Online #1</h2>\r\n<p>Kota ubud merupakan saah satu kota yang ada di pulau Bali. Kota ini merupakan salah satu kota adat yang juga dijadikan sebagai salah satu destinasi wisata yang wajib dikunjungi saat berada di Bali. Ubud memang sudah terkenal sampai manca negara karena kota ini sangat kental dengan tradisi dan adat khas nya setiap hari. Sehingga para wisatawan yang berkunjung tidak pernah merasa bosan dengan daya tarik kota yang satu ini. Pada tahun 2020 kota ini mendapatkan gelar Wordls Best Awards 2020 sebagai kota terbaik di Dunia. Ubud menjadi salah satu dari 25 negara terbaik yang ada di Dunia karena keanekaragaman yang ada di kota Ubud. Kota ini sangat terkenal dengan festival tari yang sudah mendunia, tari yang biasa di bawakan yakni tari khas dari Bali yakni tari Kecak.</p>\r\n<p>Ubud juga menjadi salah satu destinasi yang sering dikunjungi oleh pasangan yang baru melaksanakan pernikahan untuk menghabiskan bulan madu di Ubud. Karena Ubud adalah kota yang sangat asri dan tenang jadi anda akan sangat merasa senang bersama pasangan anda menghabiskan bulan madu di kota ini. Menjadi sepasang suami istri setelah melaksanakan pernikahan pasti akan mengalami masa paling romantis dan menjadi awal semua cerita dimulai. Ketika anda sedang menghabiskan waktu untuk bulan madu, anda juga bisa memberikan hadiah bunga untuk pasangan anda. Anda bisa mendapatkan berbagai rangkaian bunga di Delovery Ubud yang pastinya akan menjadi hadiah yang sangat spesial bagi pasangan anda. Anda bisa memiliki berbagai rangkaian seperti flower box, bouquet bunga, hand bouquet, dan masih banyak rangkaian lainnya.</p>\r\n<p>Dengan dibantu tim profesional terbaik dari Delovery Ubud akan menyiapkan pesanan anda dengan sangat baik. Anda bisa melihat berbagai katalog produk langsung di website Delovery. Untuk pemesanan berbagai produk dari Delovery bisa melalui website, whatsapp, email, dan berbagai aplikasi lain diponsel anda. Kami akan senantiasa memberikan pelayanan terbaik untuk anda sehingga anda akan merasa puas dan nyaman memesan di Delovery Ubud. Segera hubungi dan pesan berbagai produk Delovery untuk melengkapi berbagai acara anda.</p>', 'Toko Bunga Online Di Ubud Bali #1 Free Ongkir - Delovery Ubud', 'Toko Bunga Online Di Ubud Bali yang menyediakan aneka rangkaian bunga meliputi Bunga Papan, Standing Flower, Buket Bunga dan Karangan Bunga Lainnya', 1, 0, 0, '2021-04-27 19:56:32', '2023-07-29 07:05:14'),
(83, 'Purbalingga', 0, 'purbalingga', 'purbalingga', 'Toko Bunga di Purbalingga Gratis Ongkos Kirim ke Seluruh Wilayah Purbalingga.  Jual bunga papan duka cita, wedding, grand opening, buket bunga, dll. WA : 08122883155', '<h2>Delovery Purbalingga - Toko Bunga Online #1</h2>\r\n<p>Momen spesial seperti ulang tahun, hari anniversary, kelahiran anak, dan momen - momen berharga lain tentunya jangan sampai terlewatkan. Perayaan hari - hari spesial biasanya identik dengan yang namanya hadiah atau kado. Hadiah ini tidak melulu harus mewah atau mahal, anda dapat menghadiahkan bunga untuk orang spesial bagi anda. Selain memiliki harga yang terjangkau, bunga juga memiliki berbagai macam makna atau arti yang beragam. Contohnya saja mawar merah yang memiliki makna gairah cinta, bunga lili yang bermakna keanggunan, bunga daisy yang mengindikasikan cinta dan persahabatan, dan masih banyak yang lainnya.</p>\r\n<p>Untuk membantu anda menyampaikan perasaan atau pesan spesial anda, Delovery Probolinggo hadir untuk membantu anda. Delovery Purbalingga menyediakan berbagai macam produk rangkaian bunga, seperti buket bunga, bunga papan, flower box, dan masih banyak yang lainnya. Selain itu, Delovery Purbalingga juga menyediakan berbagai macam pilihan produk lainnya, seperti kado, bingkisan bayi, kue ulang tahun, parcel, dan berbagai macam produk lainnya.</p>\r\n<p>Anda dapat melakukan pemesanan produk - produk ini dimana saja dan kapan saja via website, Email, Whatsapp, dan aplikasi - aplikasi lain yang tersedia di smartphone. Untuk katalog produk, anda dapat melihatnya di website kami. Apabila anda ingin mengetahui informasi lebih lanjut mengenai produk, anda dapat menghubungi customer service kami yang selalu siap sedia selama 24 jam. Kami selalu siap melayani dan mengirimkan produk pesanan anda ke seluruh daerah di Purbalingga dan sekitarnya. Segera lakukan pemesanan buket bunga istimewa dan jangan lewatkan momen spesial anda bersama orang tercinta.</p>', 'Toko Karangan Bunga Purbalingga Free Ongkir - Delovery', 'Toko Bunga di Purbalingga Gratis Ongkos Kirim ke Seluruh Wilayah Purbalingga.  Jual bunga papan duka cita, wedding, grand opening, buket bunga, dll. WA : 08122883155', 1, 0, 0, '2021-05-23 20:37:44', '2023-07-29 07:05:14');
INSERT INTO `city` (`id`, `city_name`, `parent`, `city_keyword`, `city_slug`, `city_desc`, `city_longdesc`, `seo_title`, `seo_meta`, `city_status`, `favorite`, `view`, `city_created`, `city_update`) VALUES
(84, 'Cilacap', 0, 'Cilacap', 'cilacap', 'Toko Karangan Bunga Papan Ucapan, Duka Cita, Pernikahan, Congratulations Perusahaan. Pesan Langsung Kirim Hari Ini Bandung dan Sekitarnya. Bunga Segar Bukan Bekas. Layanan: Gratis Kirim, Bunga Segar, Bunga Baru.', '<h2>Delovery Cilacap - Toko Bunga #1</h2>\r\n<p>Ciacap merupakan salah satu kota yang berda di Provinsi Jawa Tengah. Cilacap juga merupakan salah satu dari 3 kota/kabupaten penghasil beras terbanyak di jawa tengah. Banyak pula makanan khas yang berada di Cilacap salah satunya yakni tahu masak yang hamir mirip dengan hidangan tahu kupat milik Cirebon. Banyak pula tempat wisata yang ada di Cilacap seperti pantai teluk penyu, kampung laut, benteng pendem dan masih banyak lagi. Tentu saja anda tidak akan merasa bosan ketika berkunjung ke daerah yang satu ini. Anda bisa mengunjungi bersama pasangan atau keluarga anda dan menikmati seluruh kuliner dan wisata yang ada di Cilacap.</p>\r\n<p>Berwisata dengan pasangan tidak lengkap rasanya jika belum memberi sebuah hadiah. Saat anda pergi ke daerah cilacap dan sedang mencari hadiah untuk pasangan atau keluarga anda, anda bisa mampir ke Delovery Cilacap. Toko bunga online meme florist cilacap juga melayani melalui pemesanan online. Tidak usah khawatir dengan lama nya pengiriman, karena bunga bisa dipesan langsung hari itu juga. Dan pastinya dengan pelayanan yang sangat baik sehingga akan membuat anda nyaman memesan di Delovery Cilacap. Tidak hanya bunga anda juga bisa memesan kue, kado, parcel, dan masih banyak lagi.</p>\r\n<p>Tidak perlu bimbang dan ragu dengan pelayanan karena anda bisa dengan mudah memesan melalui website kami. Tidak hanya menerima pesanan melalui website kami juga menerima pesanan melalui email, Whatsapp, dan aplikasi lain yang ada pada smartphone anda. Anda bisa mendapatkan pelayanan selama 24 jam sehingga anda akan lebih dimudahkan. Jadi untuk anda yang berada di Cilacap dan sekitarnya tidak usah bingung dalam mencari berbagai bunga dan hadiah karena Delovery Cilacap hadir untuk melayani anda. Dan pastinya anda tidak perlu khawatir dengan ongkos kirim, karena untuk wilayah Cilacap dan sekitarnya gatis ongkos kirim.</p>', 'Toko Bunga Online Di Cilacap #1 Free Ongkir - Delovery Cilacap', 'Toko Bunga Online di Cilacap yang Menyediakan Aneka Rangkaian Bunga Meliputi Buket Bunga, Bunga Papan, Standing Flower dan Karangan Bunga Lainnya', 1, 0, 0, '2021-06-02 23:47:30', '2023-07-29 07:05:14'),
(85, 'Badung', 0, 'badung bali', 'badung', 'Toko Bunga Online Di Badung Menyediakan Aneka Rangkaian Bunga Meliputi Buket Bunga, Bunga Papan, Standing Flower Dan Karangan Bunga Lainnya. 0812-2883-155', '<h2>Delovery Badung - Toko Bunga Online #1</h2>\r\n<p>Badung merupakan sebuah kabupaten yang terletak di provinsi Bali. Hal yang paling membuat Badung semakin dikenal adalah karena panorama alam pegunungan dengan perpaduan pantai pantai. Banyak wisata alam yang bisa ditemukan di Badung, contonya pantai, kebun raya, hutan wisata, hingga air terjun dengan pemandangan yang sangat indah. Bali memanglah sebuah pulau yang menyimpan banyak keindahan alam, jadi tak heran jika banyak wisatawan mancanegara yang senang berwisata ke bali. Selain itu Badung merupakan penghasil beras terbesar yang ada di Bali. Itu dikarenakan 28 % wilayah yang ada di Badung merupakan lahan persawahan. Oleh karena itu tidak heran jika Badung terkenal sebagai lumbung beras Bali.</p>\r\n<p>Di Badung pula terdapat argowisata taman bunga yang sangat cocok untuk anda yang sudah mencari tempat yang instagramable. Tempat ini sebenarnya bukan sebuah tempat wisata, melainkan kebun bunga yang digunakan untuk memasok kebutuhan bunga di Denpasar dan juga Nusa dua. Tapi karena keindahan dari bunga bunga yang sedang ditanam tersebut menjadikan tempat ini banyak dikunjungi oleh para wisatawan. Bunga memang sebuah keindahan alam yang sangat sedap dipandang mata. Selain itu beberapa menimbulkan wangi yang sangat melegakan dan membuat tubuh lebih rileks. Tak heran jika banyak orang menjadikan bunga sebagai hadiah. Untuk anda yang sedang mencari berbagai bunga sebagai hadiah, anda bisa menemukannya di <a href=\"../../../bandung\" target=\"_blank\" rel=\"noopener\">Florist Badung</a>.</p>\r\n<p>Delovery Badung menyediakan berbagai rangkaian bunga seperti bouquet bunga, hand bouquet, flower box, paper flower, standing flower, bunga papan, dan berbagai rangkaian lainnya. Selain berbagai jenis rangkaian bunga terdapat juga berbagai jenis cake untuk acara spesial anda, dan ada juga parcel hingga hampers. Sangat lengkap dan pastinya kualitas dari produk merupakan kualitas terbaik. Pemesanan pula bisa sangat mudah anda lakukan, hanya dengan melalui website, whatsapp, email, dan aplikasi lainnya yang anda diponsel anda. Dengan begitu anda sudah bisa memesan berbagai produk dari Delovery Badung. Jadi ayo lengkapi acara spesial anda dengan berbagai produk dari Delovery.</p>', 'Toko Bunga Online Di Badung Free Ongkir - Delovery Bali ', 'Toko Bunga Online Di Badung Bali Menyediakan Aneka Rangkaian Bunga Meliputi Buket Bunga, Bunga Papan, Standing Flower Dan Karangan Bunga Lainnya.', 1, 0, 0, '2021-06-20 18:55:35', '2023-07-29 07:05:14'),
(86, 'Cepu', 0, 'Cepu', 'cepu', 'Toko Bunga Online Di Cepu melayani Aneka Rangkaian Bunga Papan Duka Cita, Ucapan Selamat Pernikahan, Buket Bunga, Standing Flower Dan Karangan Bunga Lainnya', '<h2>Delovery Cepu - Toko Bunga Online #1&nbsp;</h2>\r\n<p>Cepu merupakan salah satu kecamatan yang berada di kabupaten Blora provinsi Jawa Tengah. Wilayah ini merupakan penghasil minyak terbesar di Indonesia. Walaupun merupakan sebuah kecamatan saja, tapi Cepu sangat terkenal akan produksi minyak terbesar di Indonesia. Ini membuktikan bahwa tidak hanya kota besar saja yang bisa terkenal, namun wilayah kecil juga bisa menjadi wilayah industri yang sangat terkenal. Dunia industri adalah tempat dimana kegiatan ekonomi dari mengolah bahan mentah, bahan setengah jadi, hingga jadi sebuah barang. Cepu terletak diperbatasan kabupaten blora dengan provinsi Jawa Timur. Karena terkenal dengan penghasil minyak terbesar di Indonesia, tak heran jika banyak industri kecil yang berada di Cepu. Mengelola sebuah usaha memang merupakan hal yang tidak mudah, diperlukan ketelitian, keuletan, kedisiplinan, supaya usaha kita akan tetap maju.</p>\r\n<p>Ketika anda teman atau kerabat yang mendirikan sebuah usaha baru pastinya kita harus mendukung dengan berbagai hal. Contohnya anda bisa datang ke grand opening usaha tersebut kemudian memberikan bunga papan atau rangkaian bunga lainnya. Memang al tersebut bukan hal besar namun dengan begitu pasti sang pemilik usaha akan senang dan semakin semangat dalam menjalankan usahanya. Anda bisa memesan berbagai bunga papan di Delovery Cepu. Ada berbagai rangkaian bunga yang ada di Delovery Cepu yakni bouquet bunga, standing flower, table bouquet, paper flower, flower box dan masih banyak lainnya. Tidak hanya berbagai rangkaian bunga yang tersedia di Delovery Cepu, tapi ada juga cake, parcel, dan juga hampers.</p>\r\n<p>Sangat lengkap dan tentus aja akan memudahkan anda mencari berbagai kebutuhan anda. Anda bisa melihat berbagai katalog produk melalui website Delovery. Disana terdapat banyak sekali katalog produk yang bisa anda jadikan referensi dalam memiliki produk mana yang akan cocok untuk anda. Untuk pemesanan di Delovery juga mudah, anda bisa memesan di webiste, whatsapp, email, dan aplikasi lain di ponsel anda. Selain itu anda juga bisa mendapatkan gratis ongkir untuk produk yang anda pesan. Jadi tunggu apalagi, segera pesan berbagai produk dari Delovery Cepu untuk melengkapi berbagai acara anda. Lets order.</p>', 'Toko Bunga Online Di Cepu #1 Free Ongkir - Delovery Cepu', 'Toko Bunga Online Di Cepu Yang Menyediakan Aneka Rangkaian Bunga Meliputi Bunga Papan, Buket Bunga, Standing Flower Dan Karangan Bunga Lainnya', 1, 0, 0, '2021-07-16 01:22:10', '2023-07-29 07:05:14'),
(87, 'Lamongan', 0, 'lamongan', 'lamongan', 'Toko Karangan Bunga Papan Ucapan, Duka Cita, Pernikahan, Congratulations Perusahaan. Pesan Langsung Kirim Hari Ini Lamongan dan Sekitarnya. Bunga Segar Bukan Bekas. Layanan: Gratis Kirim, Bunga Segar, Bunga Baru.', '', 'Toko Bunga Online Di Lamongan #1 Free Ongkir - Delovery Lamongan', 'Toko Bunga Online Di Lamongan Yang Menyediakan Aneka Rangkaian Bunga Meliputi Buket Bunga, Bunga Papan, Standing Flower Dan Karangan Bunga Lainnya', 1, 0, 0, '2021-08-05 01:01:25', '2023-07-29 07:05:14'),
(88, 'Batu', 0, 'Batu Malang', 'batu', 'Toko Karangan Bunga Papan Ucapan, Duka Cita, Pernikahan, Congratulations Perusahaan. Pesan Langsung Kirim Hari Ini Batu dan Sekitarnya. Bunga Segar Bukan Bekas. Layanan: Gratis Kirim, Bunga Segar, Bunga Baru.', '', 'Toko Bunga Online Di Batu #1 Free Ongkir - Delovery Batu', 'Toko Karangan Bunga Papan Ucapan, Duka Cita, Pernikahan, Congratulations Perusahaan. Pesan Langsung Kirim Hari Ini Batu dan Sekitarnya. Bunga Segar Bukan Bekas. Layanan: Gratis Kirim, Bunga Segar, Bunga Baru.', 1, 0, 0, '2021-08-06 00:53:11', '2023-07-29 07:05:14'),
(89, 'Kupang', 0, 'Kupang', 'kupang', 'Toko Bunga Kupang, melayani Pengiriman Bunga Papan Ucapan, Hand Bouquet, Table Bouquet, Standing Flower, Flower Box & Cake.', '', 'Toko Bunga Online di Kupang #1 Free Ongkir - Delovery Kupang', 'Toko Bunga - Florist Online di Kupang yang Menyediakan Aneka Rangkaian Bunga Meliputi Bunga Papan, Buket Bunga, Standing Flower Dan Karangan Bunga Lainnya', 1, 0, 0, '2021-09-01 22:25:03', '2023-07-29 07:05:14'),
(90, 'Pacitan', 0, 'Pacitan', 'pacitan', 'Toko Bunga Pacitan, melayani Pengiriman Bunga Papan Ucapan, Hand Bouquet, Table Bouquet, Standing Flower, Flower Box & Cake.', '', 'Toko Bunga Online Di Pacitan #1 Free Ongkir - Delovery Pacitan', 'Toko Bunga Online Pacitan yang menjual aneka karangan bunga meliputi Bunga Papan, Buket Bunga, Standing Flower Dan Rangkaian Bunga dengan harga terjangkau', 1, 0, 0, '2021-09-23 21:58:29', '2023-07-29 07:05:14'),
(91, 'Magetan ', 0, 'magetan', 'magetan', 'Toko Bunga Online Di Magetan melayani Aneka Rangkaian Bunga Papan Duka Cita, Ucapan Selamat Pernikahan, Buket Bunga, Standing Flower Dan Karangan Bunga Lainnya', '', 'Toko Bunga Online Di Magetan #1 Free Ongkir - Delovery Magetan', 'Toko Bunga Online Di Magetan Melayani Aneka Rangkaian Bunga Meliputi Bunga Papan, Buket Bunga, Standing Flower Dan Karangan Bunga Lainnya, FREE ONGKIR', 1, 0, 0, '2021-10-04 20:10:32', '2023-07-29 07:05:14'),
(92, 'Jakarta Barat', 1, 'Jakarta, Jakarta Barat', 'jakarta-barat', 'Delovery Jakarta', '', 'Toko Bunga Jakarta Barat Online #1 Free Ongkir - Delovery Jakarta Barat', 'Toko Bunga dan Hadiah Online Terdekat di Jakarta Barat Melayani Berbagai Rangkaian Bunga Meliputi Hampers, Buket Bunga, Bunga Papan, Standing Flower Dan Karangan Bunga Lainnya', 1, 0, 0, '2022-11-09 06:56:12', '2022-11-09 07:13:01'),
(93, 'Jakarta Utara', 1, 'Jakarta, Jakarta Utara', 'jakarta-utara', 'Delovery Jakarta', '', 'Toko Bunga Jakarta Utara Online #1 Free Ongkir - Delovery Jakarta Utara', 'Toko Bunga dan Hadiah Online Terdekat di Jakarta Utara Melayani Berbagai Rangkaian Bunga Meliputi Hampers, Buket Bunga, Bunga Papan, Standing Flower Dan Karangan Bunga Lainnya', 1, 0, 0, '2022-11-09 06:58:21', '2022-11-09 07:11:55'),
(94, 'Jakarta Selatan', 1, 'Jakarta,Jakarta Selatan', 'jakarta-selatan', 'Delovery Jakarta', '', 'Toko Bunga Jakarta Selatan Online #1 Free Ongkir - Delovery Jakarta Selatan', 'Toko Bunga dan Hadiah Online Terdekat di Jakarta Selatan Melayani Berbagai Rangkaian Bunga Meliputi Hampers, Buket Bunga, Bunga Papan, Standing Flower Dan Karangan Bunga Lainnya', 1, 0, 0, '2022-11-09 06:59:40', '2022-11-09 07:11:47'),
(95, 'Jakarta Timur', 1, 'Jakarta Timur', 'jakarta-timur', 'Delovery Jakarta Timur', '', 'Toko Bunga Jakarta Timur Online #1 Free Ongkir - Delovery Jakarta Timur', 'Toko Bunga dan Hadiah Online Terdekat di Jakarta Timur Melayani Berbagai Rangkaian Bunga Meliputi Hampers, Buket Bunga, Bunga Papan, Standing Flower Dan Karangan Bunga Lainnya', 1, 0, 0, '2022-11-09 07:00:42', '2022-11-09 07:11:51'),
(96, 'Jakarta Pusat', 1, 'Jakarta Pusat', 'jakarta-pusat', 'Delovery Jakarta Pusat', '', 'Toko Bunga Jakarta Pusat Online #1 Free Ongkir - Delovery Jakarta Pusat', 'Toko Bunga dan Hadiah Online Terdekat di Jakarta Pusat Melayani Berbagai Rangkaian Bunga Meliputi Hampers, Buket Bunga, Bunga Papan, Standing Flower Dan Karangan Bunga Lainnya', 1, 0, 0, '2022-11-09 07:01:45', '2022-11-09 07:11:41'),
(97, 'Bontang', 0, 'Bontang', 'bontang', 'Bontang', '', 'Toko Bunga dan Hadiah Bontang Online #1 Free Ongkir - Delovery Bontang ', 'Delovery Bali Toko Bunga Bontang Online Melayani Berbagai Rangkaian Bunga Bontang Meliputi Buket Bunga, Bunga Papan, Standing Flower Dan Karangan Bunga Lainnya..', 1, 0, 0, '2022-11-29 10:18:22', '2022-11-29 10:18:22'),
(98, 'Jepara', 0, 'Jepara', 'jepara', 'Toko Karangan Bunga Papan Ucapan, Duka Cita, Pernikahan, Congratulations Perusahaan. Pesan Langsung Kirim Hari Ini Jepara dan Sekitarnya. Bunga Segar Bukan Bekas. Layanan: Gratis Kirim, Bunga Segar, Bunga Baru.', '<h2>Delovery Jepara - Toko Bunga &amp; Hadiah Online #1</h2>\r\n<p>Kabupaten Jepara adalah salah satu kabupaten di pesisir utara Provinsi Jawa Tengah, Indonesia. Jepara terletak di pantai utara Jawa, utara-timur dari Semarang, tidak jauh dari Gunung Muria. Jepara populer sebagai Kota Ukir seni Jawa serta tempat kelahiran Kartini, pelopor di bidang hak-hak perempuan untuk Indonesia.</p>\r\n<p>Jepara bukan hanya dikenal dengan budaya nya yang menarik dan pesona pantainya. Tapi juga keunikan karangan bunga yang khas sebagai bentuk kearifan lokalnya. Kabar baiknya, Anda bisa memperoleh karangan bunga Jepara ini dengan mudah melalui Toko Karangan Bunga Jepara Delovery.</p>\r\n<p>Beraneka jenis rangkaian bunga Jepara dapat Anda pesan untuk mengisi moment-moment Anda di Jepara. Mulai dari bunga papan ucapan yang dapat Anda gunakan untuk memberi ucapan selamat, duka cita, dan pernikahan. Bunga buket beragam varian juga kami tawarkan untuk Anda mulai dari hand bouquet, standing flower, buket bunga dan special flower. Tak ketinggalan cake, boneka, dan juga coklat yang akan semakin menambah kesan indah pada bouquet Anda. Jangan lewatkan acara penting Anda hanya karena bingung mencari Toko Bunga di Jepara yang sesuai dengan selera Anda. Karena Toko Bunga Online kami akan membuat rangkaian bunga yang sesuai dengan permintaan Anda.</p>\r\n<p>Toko Bunga Online Delovery menawarkan pengiriman bunga dengan mudah. Hanya dengan duduk santai, Anda bisa memesan bunga lewat telepon pintar yang Anda punya. Toko bunga Online Kami mempunyai customer service yang siap melayani pesanan Anda baik itu melalui website, Whatsapp, email ataupun berbagai aplikasi yang ada di smartphone anda.</p>\r\n<p>Dengan customer service yang selalu setia menerima pesanan karangan bunga Jepara dari pelanggan, tentu membuat rangkaian bunga Anda akan cepat dikirim dan sampai ke tujuan dengan aman Jangan pernah ragu untuk memesan bunga dari Toko Bunga Online Delovery Jepara. Pesan bunga mudah dan cepat.</p>', 'Toko Bunga dan Hadiah Terdekat di Jepara', 'Toko Karangan Bunga Papan Ucapan, Duka Cita, Pernikahan, Congratulations Perusahaan. Pesan Langsung Kirim Hari Ini Jepara dan Sekitarnya. Bunga Segar Bukan Bekas. Layanan: Gratis Kirim, Bunga Segar, Bunga Baru.', 1, 0, 0, '2022-12-10 03:58:13', '2022-12-16 02:22:20'),
(103, 'Probolinggo', 0, 'Probolinggo', 'probolinggo', 'Toko Bunga Probolinggo, melayani Pengiriman Bunga Papan Ucapan, Hand Bouquet, Table Bouquet, Standing Flower, Flower Box & Cake.', '<h2>Delovery Probolinggo - Toko Bunga Online #1</h2>\r\n<p>Perkembangan teknologi saat ini telah memudahkan kita dalam berbagai hal. Mulai dari kebutuhan sekolah, pekerjaan, rumahan, semuanya saat ini dapat dilakukan dengan mudah karena adanya perkembangan teknologi. Banyak sekali orang dan perusahaan yang diuntungkan karena adanya perkembangan teknologi. Contohnya saja Delovery Probolinggo yang menyediakan pemesanan buket bunga secara online. Anda dapat melakukan pemesanan secara online tanpa harus datang ke toko secara langsung. Sistem ini terpercaya jauh lebih mudah dan dapat menghemat lebih banyak waktu.</p>\r\n<p>Delovery Probolinggo merupakan toko bunga online yang telah terpercaya menangani berbagai macam kebutuhan klien di daerah Probolinggo dan sekitarnya. Delovery Probolinggo menyediakan berbagai macam produk rangkaian bunga, seperti buket bunga, flower box, bunga papan, dan macam - macam produk rangkaian bunga lainnya. Selain produk rangkaian bunga, tersedia juga macam - macam pilihan hadiah, seperti kado, parcel, bingkisan bayi, kue ulang tahun, dan masih banyak yang lainnya.</p>\r\n<p>Produk - produk yang tersedia di Delovery Probolinggo dijual dengan harga yang bervariasi. Jadi, anda dapat memilih produk yang sesuai dengan budget yang anda miliki. Pemesanan produk dapat anda lakukan melalui layanan pemesanan via website, whatsapp, Email, dan berbagai macam aplikasi yang tersedia di smartphone. Anda dapat melihat katalog produk di website kami. Untuk mengetahui informasi lebih lanjut mengenai produk, anda dapat menghubungi customer service kami via Whatsapp yang selalu hadir selama 24 jam. Segera lakukan pemesanan produk - produk kami. Kami selalu siap melayani dan mengantarkan pesanan anda ke berbagai wilayah di Probolinggo dan sekitarnya.</p>', 'Toko Bunga Online Di Probolinggo #1 Free Ongkir - Delovery Lumajang', 'Toko Bunga Online Di Probolinggo Yang Menyediakan Aneka Rangkaian Bunga Meliputi Bunga Papan, Standing Flower, Buket Bunga dan Karangan Bunga Lainnya', 1, 0, 0, '2023-07-31 07:46:09', '2023-07-31 07:46:09');

-- --------------------------------------------------------

--
-- Table structure for table `hpp`
--

CREATE TABLE `hpp` (
  `id` int NOT NULL,
  `id_produk` int NOT NULL,
  `harga_hpp` int NOT NULL,
  `user_id` int NOT NULL,
  `last_update` timestamp NOT NULL DEFAULT CURRENT_TIMESTAMP ON UPDATE CURRENT_TIMESTAMP
) ENGINE=MyISAM DEFAULT CHARSET=latin1;

--
-- Dumping data for table `hpp`
--

INSERT INTO `hpp` (`id`, `id_produk`, `harga_hpp`, `user_id`, `last_update`) VALUES
(6922, 10033, 499000, 23, '2023-08-01 03:15:01'),
(6923, 10034, 288000, 23, '2023-08-01 03:25:14'),
(6924, 10035, 275000, 23, '2023-08-01 03:26:58'),
(6925, 10036, 228000, 23, '2023-08-01 03:29:16'),
(6926, 10037, 139000, 23, '2023-08-01 03:38:01'),
(6927, 10038, 99000, 23, '2023-08-01 03:40:20'),
(6928, 10039, 125000, 23, '2023-08-01 03:43:07'),
(6929, 10040, 230000, 23, '2023-08-01 03:44:12'),
(6930, 10041, 409000, 23, '2023-08-01 03:45:29'),
(6931, 10042, 105000, 23, '2023-08-01 03:47:07'),
(6932, 10043, 89000, 23, '2023-08-01 03:48:13'),
(6933, 10044, 99500, 2, '2023-08-01 06:43:11'),
(6934, 10045, 99500, 2, '2023-08-01 06:48:18'),
(6935, 10046, 99500, 2, '2023-08-01 06:50:06'),
(6936, 10047, 85000, 2, '2023-08-11 03:54:11'),
(6937, 10048, 158700, 2, '2023-08-01 06:54:45'),
(6938, 10049, 100000, 23, '2023-08-01 06:55:07'),
(6939, 10050, 105000, 23, '2023-08-01 06:56:37'),
(6940, 10051, 158700, 2, '2023-08-01 06:56:43'),
(6941, 10052, 265000, 23, '2023-08-01 06:58:30'),
(6942, 10053, 186500, 2, '2023-08-01 07:00:15'),
(6943, 10054, 213500, 2, '2023-08-01 07:04:31'),
(6944, 10055, 85000, 23, '2023-08-01 07:06:11'),
(6945, 10056, 221500, 2, '2023-08-01 07:07:11'),
(6946, 10057, 285000, 23, '2023-08-01 07:07:39'),
(6947, 10058, 185000, 23, '2023-08-01 07:10:07'),
(6948, 10059, 253000, 2, '2023-08-01 07:14:02'),
(6949, 10060, 190000, 23, '2023-08-01 07:22:49'),
(6950, 10061, 80000, 23, '2023-08-01 07:26:06'),
(6951, 10062, 80000, 23, '2023-08-01 07:27:44'),
(6952, 10063, 89000, 2, '2023-08-01 07:51:26'),
(6953, 10064, 149000, 2, '2023-08-01 07:54:01'),
(6954, 10065, 210000, 2, '2023-08-01 07:56:22'),
(6955, 10066, 187000, 23, '2023-08-01 07:56:22'),
(6956, 10067, 299000, 2, '2023-08-01 08:02:07'),
(6957, 10068, 244000, 1, '2023-08-15 07:13:27'),
(6958, 10069, 23000, 2, '2023-08-01 08:09:10'),
(6959, 10070, 79000, 2, '2023-08-01 08:11:14'),
(6960, 10071, 190000, 1, '2023-10-21 05:02:07'),
(6961, 10072, 185000, 2, '2023-08-04 06:25:51'),
(6962, 10073, 138000, 2, '2023-08-04 09:00:06'),
(6963, 10074, 105000, 2, '2023-08-04 09:01:27'),
(6964, 10075, 2000, 1, '2023-10-17 17:10:44'),
(6965, 10076, 5000, 1, '2023-10-17 17:21:25'),
(6966, 10077, 1500, 1, '2023-10-17 17:26:52'),
(6967, 10078, 2000, 1, '2023-10-17 17:28:57'),
(6968, 10079, 200000, 1, '2023-10-18 20:44:36');

-- --------------------------------------------------------

--
-- Table structure for table `mitra`
--

CREATE TABLE `mitra` (
  `id` int NOT NULL,
  `name` varchar(60) NOT NULL,
  `nama_pemilik` text NOT NULL,
  `city` int NOT NULL,
  `address` text NOT NULL,
  `no_telp` varchar(60) NOT NULL,
  `sosmed` varchar(255) DEFAULT NULL,
  `lat` float(10,7) NOT NULL,
  `lng` float(10,7) NOT NULL,
  `jam_operasional` varchar(244) NOT NULL,
  `libur` date DEFAULT NULL,
  `buka` tinyint(1) NOT NULL DEFAULT '1',
  `status` tinyint(1) NOT NULL DEFAULT '1',
  `mitra_update` timestamp NOT NULL DEFAULT CURRENT_TIMESTAMP ON UPDATE CURRENT_TIMESTAMP
) ENGINE=InnoDB DEFAULT CHARSET=latin1;

--
-- Dumping data for table `mitra`
--

INSERT INTO `mitra` (`id`, `name`, `nama_pemilik`, `city`, `address`, `no_telp`, `sosmed`, `lat`, `lng`, `jam_operasional`, `libur`, `buka`, `status`, `mitra_update`) VALUES
(382, 'Idea Souvenir Promosi', 'Wildani Kushumah Auliya', 8, 'Jl Karangsari no 19A Rejowinangun Kotagede Yogyakarta 55171', '089529533470', '@idea.souvenirpromosi', -7.8074751, 110.3999023, 'Senin - Sabtu : 09.00 - 17.00\r\nMinggu : Libur', NULL, 1, 1, '2023-07-31 04:40:05'),
(383, 'Muaramas Souvenir', 'Christian', 7, 'Jl. Muara Utara I No 1 Pelindung Hewan, Kecamatan Astanaanyar, Kota Bandung', '628164868829', '@muaramas_souvenir', -6.9396062, 107.5970612, 'Senin - Sabtu : 09.00 - 17.00\r\nMinggu : Libur', NULL, 1, 1, '2023-07-31 06:15:45'),
(384, 'Sundakawa', 'Sherly Meiwa', 7, 'Jl Permata Inten No 31, Cisaranten Kulon, Kota Bandung', '628112167800', '@sundakawa', -6.9215946, 107.6802139, 'Senin - Kamis : 09.00 - 17.00\r\nJumat : 09.00 - 11.00\r\nSabtu - Minggu : Libur', NULL, 1, 1, '2023-07-31 06:19:14'),
(385, 'Askarakayu', 'Elfa Maulia Putri', 103, 'Dusun krajan RT 014 RW 007 Desa Karanganyar, Kecamatan Paiton Kabupaten Probolinggo', '6281334422646', '@askara.kayu', -7.7164569, 113.4809265, 'Buka tiap hari', NULL, 1, 1, '2023-07-31 07:49:08'),
(386, 'IF Souvenir', 'Arief', 95, 'Jalan Gongseng Raya No 10 Cijantung, Jakarta Timur', '6181288116824', '@ifsouvenir', -6.3264756, 106.8585205, 'Senin - Minggu : 10.00 - 19.00', NULL, 1, 1, '2023-07-31 06:40:52'),
(387, 'D\'abizar', 'Oki Irawan', 96, 'Gang Bugis No 98 Jakarta Pusat', '6281286716134', '@dabizar_printing', -6.1672902, 106.8389206, 'Buka setiap hari', NULL, 1, 1, '2023-07-31 06:49:58'),
(388, 'ProSouvenir', 'Henyana', 92, 'Jl Perum KFT Blok A9 No 22 Cengkareng Jakarta Barat 11730', '6287886038812', '@pro.souvenir', -6.1345997, 106.7258987, 'Buka setiap hari', NULL, 1, 1, '2023-07-31 06:59:33'),
(389, 'Progift', 'Yanni', 2, 'Jl Selomas Timur IX No 437 Semarang', '6285712007779', '@progift.official', -6.9599943, 110.4040680, 'Senin - Sabtu : 08.00 - 17.00\r\nMinggu : Libur', NULL, 1, 1, '2023-07-31 07:08:38'),
(390, 'Fands Promosi', 'Dilla', 46, 'Jl. Cendrawasih Va No.98, RT.2/RW.3, Sawah Baru, Kec. Ciputat, Kota Tangerang Selatan, Banten 15413, Indonesia', '6281219559813', '@fandspromosi', -6.2961116, 106.7205276, 'Senin - Jumat: 09.00 - 17.00\r\nSabtu: 09.00 - 15.00\r\nMinggu: Libur', NULL, 1, 1, '2023-08-04 07:31:57');

-- --------------------------------------------------------

--
-- Table structure for table `mitra_catalog`
--

CREATE TABLE `mitra_catalog` (
  `id` int NOT NULL,
  `catalog_id` int NOT NULL,
  `mitra_id` int NOT NULL
) ENGINE=InnoDB DEFAULT CHARSET=latin1;

--
-- Dumping data for table `mitra_catalog`
--

INSERT INTO `mitra_catalog` (`id`, `catalog_id`, `mitra_id`) VALUES
(3928, 8, 382),
(3929, 9, 382),
(3930, 5, 382),
(3931, 8, 383),
(3932, 9, 383),
(3933, 10, 384),
(3934, 12, 384),
(3937, 12, 386),
(3938, 8, 386),
(3939, 9, 386),
(3940, 5, 386),
(3941, 4, 387),
(3942, 8, 387),
(3943, 8, 388),
(3944, 9, 388),
(3945, 5, 388),
(3946, 8, 389),
(3947, 9, 389),
(3948, 5, 389),
(3951, 10, 385),
(3952, 8, 385),
(3953, 8, 390),
(3954, 9, 390),
(3955, 5, 390);

-- --------------------------------------------------------

--
-- Table structure for table `mitra_city`
--

CREATE TABLE `mitra_city` (
  `id` int NOT NULL,
  `city_id` int NOT NULL,
  `mitra_id` int NOT NULL
) ENGINE=MyISAM DEFAULT CHARSET=latin1;

--
-- Dumping data for table `mitra_city`
--

INSERT INTO `mitra_city` (`id`, `city_id`, `mitra_id`) VALUES
(443, 55, 382),
(444, 7, 382),
(445, 56, 382),
(446, 62, 382),
(447, 19, 382),
(448, 4, 382),
(449, 1, 382),
(450, 71, 382),
(451, 33, 382),
(452, 36, 382),
(453, 2, 382),
(454, 44, 382),
(455, 3, 382),
(456, 5, 382),
(457, 46, 382),
(458, 8, 382),
(459, 55, 383),
(460, 7, 383),
(461, 1, 383),
(462, 33, 383),
(463, 36, 383),
(464, 2, 383),
(465, 3, 383),
(466, 8, 383),
(467, 7, 384),
(468, 4, 384),
(469, 1, 384),
(470, 92, 384),
(471, 96, 384),
(472, 94, 384),
(473, 95, 384),
(474, 93, 384),
(475, 30, 384),
(476, 31, 384),
(477, 2, 384),
(478, 3, 384),
(479, 5, 384),
(480, 46, 384),
(481, 8, 384),
(583, 46, 385),
(582, 5, 385),
(581, 2, 385),
(580, 103, 385),
(579, 30, 385),
(578, 28, 385),
(577, 93, 385),
(576, 95, 385),
(575, 94, 385),
(574, 96, 385),
(573, 92, 385),
(572, 1, 385),
(571, 4, 385),
(570, 62, 385),
(569, 7, 385),
(497, 7, 386),
(498, 56, 386),
(499, 59, 386),
(500, 62, 386),
(501, 4, 386),
(502, 1, 386),
(503, 92, 386),
(504, 96, 386),
(505, 94, 386),
(506, 95, 386),
(507, 93, 386),
(508, 64, 386),
(509, 2, 386),
(510, 3, 386),
(511, 5, 386),
(512, 46, 386),
(513, 8, 386),
(514, 55, 387),
(515, 53, 387),
(516, 7, 387),
(517, 62, 387),
(518, 19, 387),
(519, 20, 387),
(520, 1, 387),
(521, 92, 387),
(522, 96, 387),
(523, 94, 387),
(524, 95, 387),
(525, 93, 387),
(526, 6, 387),
(527, 2, 387),
(528, 5, 387),
(529, 46, 387),
(530, 8, 387),
(531, 55, 388),
(532, 7, 388),
(533, 59, 388),
(534, 62, 388),
(535, 4, 388),
(536, 20, 388),
(537, 1, 388),
(538, 92, 388),
(539, 96, 388),
(540, 94, 388),
(541, 95, 388),
(542, 93, 388),
(543, 33, 388),
(544, 2, 388),
(545, 3, 388),
(546, 5, 388),
(547, 46, 388),
(548, 8, 388),
(549, 70, 389),
(550, 26, 389),
(551, 2, 389),
(552, 3, 389),
(553, 8, 389),
(584, 8, 385),
(585, 7, 390),
(586, 59, 390),
(587, 62, 390),
(588, 20, 390),
(589, 1, 390),
(590, 92, 390),
(591, 96, 390),
(592, 94, 390),
(593, 95, 390),
(594, 93, 390),
(595, 46, 390);

-- --------------------------------------------------------

--
-- Table structure for table `product`
--

CREATE TABLE `product` (
  `id` int NOT NULL,
  `sku` varchar(255) NOT NULL,
  `name` varchar(255) NOT NULL,
  `slug` varchar(255) NOT NULL,
  `description` longtext NOT NULL,
  `summary` longtext NOT NULL,
  `featured` text NOT NULL,
  `images` longtext NOT NULL,
  `price` int NOT NULL,
  `saleprice` int NOT NULL,
  `startdate` timestamp NULL DEFAULT NULL,
  `expireddate` timestamp NULL DEFAULT NULL,
  `position` int DEFAULT NULL,
  `view` int NOT NULL,
  `favorite` tinyint(1) DEFAULT NULL,
  `favnumber` int NOT NULL,
  `addon` tinyint(1) NOT NULL,
  `bestseller` tinyint(1) DEFAULT NULL,
  `premium` tinyint(1) NOT NULL,
  `stock` tinyint(1) DEFAULT NULL,
  `min_order` int NOT NULL,
  `lamapembuatan` int NOT NULL,
  `update_by` int NOT NULL,
  `product_status` tinyint(1) NOT NULL,
  `product_created` timestamp NOT NULL DEFAULT CURRENT_TIMESTAMP,
  `product_update` timestamp NOT NULL DEFAULT CURRENT_TIMESTAMP ON UPDATE CURRENT_TIMESTAMP
) ENGINE=InnoDB DEFAULT CHARSET=latin1;

--
-- Dumping data for table `product`
--

INSERT INTO `product` (`id`, `sku`, `name`, `slug`, `description`, `summary`, `featured`, `images`, `price`, `saleprice`, `startdate`, `expireddate`, `position`, `view`, `favorite`, `favnumber`, `addon`, `bestseller`, `premium`, `stock`, `min_order`, `lamapembuatan`, `update_by`, `product_status`, `product_created`, `product_update`) VALUES
(10033, 'ANKARAHAMPERS', 'Ankara Hampers', 'ankara-hampers', '', '<ul>\r\n<li>ANKARA HAMPERS</li>\r\n<li>Isi dalam satu box Ankara Hampers: <br />- 2 piring kayu jati d 20 cm<br />- 2 mangkok kayu jati d 15<br />- 2 sendok kayu jati<br />- 2 garpu kayu jati<br />- 2 gelas jati japanese style</li>\r\n<li>Include :<br />- Exclusive box packaging<br />- Bubble wrap<br />- Bunga pinus kering<br />- Card instructions <br />- Free Greeting cards (by request)<br />- Pita hias</li>\r\n<li><strong>Harga per pcs</strong></li>\r\n</ul>', 'ankara-hampers-ANKARAHAMPERS-16908597010.webp', 'a:1:{i:0;s:45:\"ankara-hampers-ANKARAHAMPERS-16908597010.webp\";}', 507000, 0, '0000-00-00 00:00:00', '0000-00-00 00:00:00', 0, 0, NULL, 0, 0, NULL, 0, NULL, 50, 15, 23, 1, '2023-08-01 03:15:01', '2023-08-01 03:34:15'),
(10034, 'ARACHEHAMPERS', 'Arache Hampers', 'arache-hampers', '', '<ul>\r\n<li><span data-sheets-value=\"{&quot;1&quot;:2,&quot;2&quot;:&quot;Arache Hampers\\n\\n- 1x Piring jati karakter buah pear\\n- 1x Mangkok jati d15 cm\\n- 1x Gelas kayu jati\\n- 1x Sumpit jati\\n- 1x Sendok selai jati\\n- 1x Sendok bulat jati\\n\\nInclude:\\n- Hard box\\n- Bubble wrap\\n- Greeting card (by request)\\n- Pita hias\\n- Bunga pinus\\n- Care instructions\\r\\nHarga per pcs&quot;}\" data-sheets-userformat=\"{&quot;2&quot;:513,&quot;3&quot;:{&quot;1&quot;:0},&quot;12&quot;:0}\">Arache Hampers<br /><br />- 1x Piring jati karakter buah pear<br />- 1x Mangkok jati d15 cm<br />- 1x Gelas kayu jati<br />- 1x Sumpit jati<br />- 1x Sendok selai jati<br />- 1x Sendok bulat jati<br /><br /></span></li>\r\n<li><span data-sheets-value=\"{&quot;1&quot;:2,&quot;2&quot;:&quot;Arache Hampers\\n\\n- 1x Piring jati karakter buah pear\\n- 1x Mangkok jati d15 cm\\n- 1x Gelas kayu jati\\n- 1x Sumpit jati\\n- 1x Sendok selai jati\\n- 1x Sendok bulat jati\\n\\nInclude:\\n- Hard box\\n- Bubble wrap\\n- Greeting card (by request)\\n- Pita hias\\n- Bunga pinus\\n- Care instructions\\r\\nHarga per pcs&quot;}\" data-sheets-userformat=\"{&quot;2&quot;:513,&quot;3&quot;:{&quot;1&quot;:0},&quot;12&quot;:0}\">Include:<br />- Hard box<br />- Bubble wrap<br />- Greeting card (by request)<br />- Pita hias<br />- Bunga pinus<br />- Care instructions <br /></span></li>\r\n<li><span data-sheets-value=\"{&quot;1&quot;:2,&quot;2&quot;:&quot;Arache Hampers\\n\\n- 1x Piring jati karakter buah pear\\n- 1x Mangkok jati d15 cm\\n- 1x Gelas kayu jati\\n- 1x Sumpit jati\\n- 1x Sendok selai jati\\n- 1x Sendok bulat jati\\n\\nInclude:\\n- Hard box\\n- Bubble wrap\\n- Greeting card (by request)\\n- Pita hias\\n- Bunga pinus\\n- Care instructions\\r\\nHarga per pcs&quot;}\" data-sheets-userformat=\"{&quot;2&quot;:513,&quot;3&quot;:{&quot;1&quot;:0},&quot;12&quot;:0}\"><strong>Harga per pcs</strong></span></li>\r\n</ul>', 'arache-hampers-ARACHEHAMPERS-16908603140.webp', 'a:1:{i:0;s:45:\"arache-hampers-ARACHEHAMPERS-16908603140.webp\";}', 297000, 0, '0000-00-00 00:00:00', '0000-00-00 00:00:00', NULL, 0, NULL, 0, 0, NULL, 0, NULL, 50, 15, 23, 1, '2023-08-01 03:25:14', '2023-08-01 03:25:14'),
(10035, 'COUPLEDININGHAMPERS', 'Couple Dining Hampers', 'couple-dining-hampers', '', '<ul>\r\n<li>Couple hampers: <br />- 2 piring kayu jati d 20 cm<br />- 2 mangkok kayu jati d 15<br />- 2 sendok kayu jati<br />- 2 garpu kayu jati</li>\r\n<li>Include:<br />- Box packaging<br />- Pita hias<br />- Bunga pinus<br />- Care instructions</li>\r\n<li><strong>Harga per pcs</strong></li>\r\n</ul>', 'couple-dining-hampers-COUPLEDININGHAMPERS-16908604180.webp', 'a:1:{i:0;s:58:\"couple-dining-hampers-COUPLEDININGHAMPERS-16908604180.webp\";}', 283000, 0, '0000-00-00 00:00:00', '0000-00-00 00:00:00', NULL, 0, NULL, 0, 0, NULL, 0, NULL, 50, 15, 23, 1, '2023-08-01 03:26:58', '2023-08-01 03:26:58'),
(10036, 'GALAHAMPERS', 'Gala Hampers', 'gala-hampers', '', '<ul>\r\n<li>Gala hampers: <br />- 2 Gelas panjang kayu jati <br />- 2 Coaster kayu mahoni</li>\r\n<li>Include:<br />-Hard box<br />- Pita hias<br />- Bunga pinus<br />- Care instructions</li>\r\n<li><strong>Harga per pcs</strong></li>\r\n</ul>', 'gala-hampers-GALAHAMPERS-16908605560.webp', 'a:1:{i:0;s:41:\"gala-hampers-GALAHAMPERS-16908605560.webp\";}', 235000, 0, '0000-00-00 00:00:00', '0000-00-00 00:00:00', NULL, 0, NULL, 0, 0, NULL, 0, NULL, 50, 15, 23, 1, '2023-08-01 03:29:16', '2023-08-01 03:29:16'),
(10037, 'KUKSACOUPLESET', 'Kuksa Couple Set', 'kuksa-couple-set', '', '<ul>\r\n<li>Kuksa couple set | couple gift | wedding gift | gelas couple</li>\r\n<li>Isian dalam kuksa couple set:<br />- 2 gelas kuksa kayu mahoni<br />- 2 sendok teh kayu sawo</li>\r\n<li>Include:<br />- Hard box packaging<br />- Pita hias<br />- Bunga pinus<br />- Care instructions</li>\r\n<li><strong>Harga per pcs</strong></li>\r\n</ul>', 'kuksa-couple-set-KUKSACOUPLESET-16908610800.webp', 'a:1:{i:0;s:48:\"kuksa-couple-set-KUKSACOUPLESET-16908610800.webp\";}', 147000, 0, '0000-00-00 00:00:00', '0000-00-00 00:00:00', NULL, 0, NULL, 0, 0, NULL, 0, NULL, 50, 15, 23, 1, '2023-08-01 03:38:01', '2023-08-01 03:38:01'),
(10038, 'NAKOASET', 'Nakoa Set', 'nakoa-set', '', '<ul>\r\n<li>Nakoa set</li>\r\n<li>- 1x Cangkir jati<br />- 1x Tutup cangkir<br />- 1x Coaster/tatakan jati<br />- 1x Sendok aduk</li>\r\n<li>Include corrugated box dan hiasan hampers</li>\r\n<li><strong>Harga per pcs</strong></li>\r\n</ul>', 'nakoa-set-NAKOASET-16908612200.webp', 'a:1:{i:0;s:35:\"nakoa-set-NAKOASET-16908612200.webp\";}', 107000, 0, '0000-00-00 00:00:00', '0000-00-00 00:00:00', NULL, 0, NULL, 0, 0, NULL, 0, NULL, 50, 15, 23, 1, '2023-08-01 03:40:20', '2023-08-01 03:40:20'),
(10039, 'NUMAHAMPERS', 'Numa Hampers', 'numa-hampers', '', '<ul>\r\n<li>Numa hampers: <br />- 1 piring mahoni diameter 25 cm<br />- 1 mangkok mahoni diameter 15 cm<br />- 1 sendok kayu mahoni<br />- 1 garpu kayu mahoni</li>\r\n<li>Include:<br />- Box packaging (Corrugated box)<br />- Pita hias<br />- Bunga pinus<br />- Care instructions</li>\r\n<li><strong>Harga per pcs</strong></li>\r\n</ul>', 'numa-hampers-NUMAHAMPERS-16908613870.webp', 'a:1:{i:0;s:41:\"numa-hampers-NUMAHAMPERS-16908613870.webp\";}', 133000, 0, '0000-00-00 00:00:00', '0000-00-00 00:00:00', NULL, 0, NULL, 0, 0, NULL, 0, NULL, 50, 15, 23, 1, '2023-08-01 03:43:07', '2023-08-01 03:43:07'),
(10040, 'RAYAHAMPERS', 'Raya Hampers', 'raya-hampers', '', '<ul>\r\n<li>Raya hampers: <br />- 1 mangkok diameter 15 kayu jati <br />- 1 piring diameter 20 cm kayu jati <br />- 1 gelas kayu jati <br />- 1 sendok kayu jati<br />- 1 garpu kayu jati <br />- 1 pasang sumpit kayu jati</li>\r\n<li>Include:<br />- Hard box<br />- Pita hias<br />- Bunga pinus<br />- Care instructions</li>\r\n<li><strong>Harga per pcs</strong></li>\r\n</ul>', 'raya-hampers-RAYAHAMPERS-16908614510.webp', 'a:1:{i:0;s:41:\"raya-hampers-RAYAHAMPERS-16908614510.webp\";}', 238000, 0, '0000-00-00 00:00:00', '0000-00-00 00:00:00', NULL, 0, NULL, 0, 0, NULL, 0, NULL, 50, 15, 23, 1, '2023-08-01 03:44:12', '2023-08-01 03:44:12'),
(10041, 'SAHARAHAMPERS', 'Sahara Hampers', 'sahara-hampers', '', '<ul>\r\n<li>Sahara Hampers</li>\r\n<li>- 1x Talenan jati (15x30x2 cm)<br />- 1x Lumpang jati<br />- 1x Tumbuk jati<br />- 1x Piring jati d20 cm<br />- 1x Mangkok jati d15 cm<br />- 1x Pasang sumpit jati</li>\r\n<li>Include:<br />- Exclusive Rattan Box<br />- Bubble wrap<br />- Greeting card (by request)<br />- Pita hias<br />- Bunga pinus<br />- Care instruction</li>\r\n<li><strong>Harga per pcs</strong></li>\r\n</ul>', 'sahara-hampers-SAHARAHAMPERS-16908615290.webp', 'a:1:{i:0;s:45:\"sahara-hampers-SAHARAHAMPERS-16908615290.webp\";}', 417000, 0, '0000-00-00 00:00:00', '0000-00-00 00:00:00', NULL, 0, NULL, 0, 0, NULL, 0, NULL, 50, 15, 23, 1, '2023-08-01 03:45:29', '2023-08-01 03:45:29'),
(10042, 'SOAPESSENTIALSKIT', 'Soap Essentials Kit', 'soap-essentials-kit', '', '<ul>\r\n<li>Gift Box Wooden Soap Dispenser | Souvenir | Hampers</li>\r\n<li>Isian: <br />- 1x Wooden Soap Dispenser <br />- 1x Hard box <br />- Custom Kartu Ucapan <br />- Hangtag <br />- Pita Hias <br />- Bunga Pinus</li>\r\n<li><strong>Harga per pcs</strong></li>\r\n</ul>', 'soap-essentials-kit-SOAPESSENTIALSKIT-16908616270.webp', 'a:1:{i:0;s:54:\"soap-essentials-kit-SOAPESSENTIALSKIT-16908616270.webp\";}', 113000, 0, '0000-00-00 00:00:00', '0000-00-00 00:00:00', NULL, 0, NULL, 0, 0, NULL, 0, NULL, 50, 15, 23, 1, '2023-08-01 03:47:07', '2023-08-01 03:47:07'),
(10043, 'TEATIMESET', 'Tea Time Set', 'tea-time-set', '', '<ul>\r\n<li>Tea set:</li>\r\n<li>- 1 Gelas Jati<br />- 1 Coaster Mahoni<br />- 1 Sendok Bulat Jati</li>\r\n<li>Include:<br />- Box packaging<br />- Wrapping paper <br />- Bubble wrap<br />- Greeting card (by request)<br />- Pita hias<br />- Bunga pinus<br />- Care instructions</li>\r\n<li><strong>Harga per pcs</strong></li>\r\n</ul>', 'tea-time-set-TEATIMESET-16908616920.webp', 'a:1:{i:0;s:40:\"tea-time-set-TEATIMESET-16908616920.webp\";}', 97000, 0, '0000-00-00 00:00:00', '0000-00-00 00:00:00', NULL, 0, NULL, 0, 0, NULL, 0, NULL, 50, 15, 23, 1, '2023-08-01 03:48:13', '2023-08-01 03:48:13'),
(10044, 'HEALTHYBOX1A', 'Healthy Box 1A', 'healthy-box-1a', '', '<p><span data-sheets-value=\"{&quot;1&quot;:2,&quot;2&quot;:&quot;\\&quot;Packaging menggunakan box yang diberikan ilustrasi khusus.\\&quot;\\n\\nInclude:\\n- Madu multiflora 162 gr\\n- Honey dipper\\n- Wedang uwuh\\n- Mug enamel\\n- Greetings card design vintage\\&quot;\\r\\nHarga per pcs&quot;}\" data-sheets-userformat=\"{&quot;2&quot;:513,&quot;3&quot;:{&quot;1&quot;:0},&quot;12&quot;:0}\">\"Packaging menggunakan box yang diberikan ilustrasi khusus.\"<br /><br />Include:<br />- Madu multiflora 162 gr<br />- Honey dipper<br />- Wedang uwuh<br />- Mug enamel<br />- Greetings card design vintage\" <br />Harga per pcs</span></p>', 'healthy-box-1a-HEALTHYBOX1A-16908721910.webp', 'a:1:{i:0;s:44:\"healthy-box-1a-HEALTHYBOX1A-16908721910.webp\";}', 104500, 0, '0000-00-00 00:00:00', '0000-00-00 00:00:00', NULL, 0, NULL, 0, 0, NULL, 0, NULL, 50, 15, 2, 1, '2023-08-01 06:43:11', '2023-08-01 06:43:11'),
(10045, 'HEALTHYBOX1B', 'Healthy Box 1B', 'healthy-box-1b', '', '<ul>\r\n<li><span data-sheets-value=\"{&quot;1&quot;:2,&quot;2&quot;:&quot;\\&quot;Packaging menggunakan box yang diberikan ilustrasi khusus.\\&quot;\\n\\nInclude:\\n- Madu multiflora 162 gr\\n- Sendok kayu foodgrade\\n- Wedang uwuh\\n- Golden raisins kismis\\n- Greetings card design vintage\\&quot;\\r\\nHarga per pcs&quot;}\" data-sheets-userformat=\"{&quot;2&quot;:513,&quot;3&quot;:{&quot;1&quot;:0},&quot;12&quot;:0}\">Packaging menggunakan box yang diberikan ilustrasi khusus.</span></li>\r\n<li><span data-sheets-value=\"{&quot;1&quot;:2,&quot;2&quot;:&quot;\\&quot;Packaging menggunakan box yang diberikan ilustrasi khusus.\\&quot;\\n\\nInclude:\\n- Madu multiflora 162 gr\\n- Sendok kayu foodgrade\\n- Wedang uwuh\\n- Golden raisins kismis\\n- Greetings card design vintage\\&quot;\\r\\nHarga per pcs&quot;}\" data-sheets-userformat=\"{&quot;2&quot;:513,&quot;3&quot;:{&quot;1&quot;:0},&quot;12&quot;:0}\">Include:<br />- Madu multiflora 162 gr<br />- Sendok kayu foodgrade<br />- Wedang uwuh<br />- Golden raisins kismis<br />- Greetings card design vintage</span></li>\r\n<li><span data-sheets-value=\"{&quot;1&quot;:2,&quot;2&quot;:&quot;\\&quot;Packaging menggunakan box yang diberikan ilustrasi khusus.\\&quot;\\n\\nInclude:\\n- Madu multiflora 162 gr\\n- Sendok kayu foodgrade\\n- Wedang uwuh\\n- Golden raisins kismis\\n- Greetings card design vintage\\&quot;\\r\\nHarga per pcs&quot;}\" data-sheets-userformat=\"{&quot;2&quot;:513,&quot;3&quot;:{&quot;1&quot;:0},&quot;12&quot;:0}\">Harga per pcs</span></li>\r\n</ul>', 'healthy-box-1b-HEALTHYBOX1B-16908724980.webp', 'a:1:{i:0;s:44:\"healthy-box-1b-HEALTHYBOX1B-16908724980.webp\";}', 104500, 0, '0000-00-00 00:00:00', '0000-00-00 00:00:00', NULL, 0, NULL, 0, 0, NULL, 0, NULL, 50, 15, 2, 1, '2023-08-01 06:48:18', '2023-08-01 06:48:18'),
(10046, 'HEALTHYBOX1C', 'Healthy Box 1C', 'healthy-box-1c', '', '<ul>\r\n<li><span data-sheets-value=\"{&quot;1&quot;:2,&quot;2&quot;:&quot;\\&quot;Packaging menggunakan box yang diberikan ilustrasi khusus.\\&quot;\\n\\nInclude:\\n- Madu multiflora 162 gr\\n- Honey dipper\\n- Shopping bag waterproof\\n- Greetings card design vintage\\&quot;\\r\\nHarga per pcs&quot;}\" data-sheets-userformat=\"{&quot;2&quot;:513,&quot;3&quot;:{&quot;1&quot;:0},&quot;12&quot;:0}\">Packaging menggunakan box yang diberikan ilustrasi khusus.</span></li>\r\n<li><span data-sheets-value=\"{&quot;1&quot;:2,&quot;2&quot;:&quot;\\&quot;Packaging menggunakan box yang diberikan ilustrasi khusus.\\&quot;\\n\\nInclude:\\n- Madu multiflora 162 gr\\n- Honey dipper\\n- Shopping bag waterproof\\n- Greetings card design vintage\\&quot;\\r\\nHarga per pcs&quot;}\" data-sheets-userformat=\"{&quot;2&quot;:513,&quot;3&quot;:{&quot;1&quot;:0},&quot;12&quot;:0}\">Include:<br />- Madu multiflora 162 gr<br />- Honey dipper<br />- Shopping bag waterproof<br />- Greetings card design vintage</span></li>\r\n<li><span data-sheets-value=\"{&quot;1&quot;:2,&quot;2&quot;:&quot;\\&quot;Packaging menggunakan box yang diberikan ilustrasi khusus.\\&quot;\\n\\nInclude:\\n- Madu multiflora 162 gr\\n- Honey dipper\\n- Shopping bag waterproof\\n- Greetings card design vintage\\&quot;\\r\\nHarga per pcs&quot;}\" data-sheets-userformat=\"{&quot;2&quot;:513,&quot;3&quot;:{&quot;1&quot;:0},&quot;12&quot;:0}\">Harga per pcs</span></li>\r\n</ul>', 'healthy-box-1c-HEALTHYBOX1C-16908726060.webp', 'a:1:{i:0;s:44:\"healthy-box-1c-HEALTHYBOX1C-16908726060.webp\";}', 104500, 0, '0000-00-00 00:00:00', '0000-00-00 00:00:00', NULL, 0, NULL, 0, 0, NULL, 0, NULL, 50, 15, 2, 1, '2023-08-01 06:50:06', '2023-08-01 06:50:06'),
(10047, 'CLASSICCARDHOLDERSET', 'Classic Card Holder Set', 'classic-card-holder-set', '', '<ul>\r\n<li>Packaging menggunakan hard box model buku.</li>\r\n<li>Include:<br />- Logo pada box<br />- E-toll brizzi cetak 1 sisi<br />- Card wallet engrave nama</li>\r\n<li><strong>Harga per pcs</strong></li>\r\n</ul>', 'classic-card-holder-set-CLASSICCARDHOLDERSET-16908727970.webp', 'a:1:{i:0;s:61:\"classic-card-holder-set-CLASSICCARDHOLDERSET-16908727970.webp\";}', 90000, 0, '0000-00-00 00:00:00', '0000-00-00 00:00:00', 0, 0, NULL, 0, 0, NULL, 0, NULL, 50, 15, 2, 1, '2023-08-01 06:53:17', '2023-08-11 03:54:11'),
(10048, 'HEALTHYGIFTBESEKREG1', 'Healthy Gift Besek REG1', 'healthy-gift-besek-reg1', '', '<ul>\r\n<li><span data-sheets-value=\"{&quot;1&quot;:2,&quot;2&quot;:&quot;\\&quot;Packaging menggunakan besek khusus hampers yang kokoh namun tetap cantik.\\n\\nInclude:\\n- Madu multiflora 162 gr\\n- Madu kelengkeng 162 gr\\n- Sendok kayu madu foodgrade\\n- Mug enamel\\n- Wedang uwuh\\n- Greetings card design vintage\\&quot;\\r\\nHarga per pcs&quot;}\" data-sheets-userformat=\"{&quot;2&quot;:513,&quot;3&quot;:{&quot;1&quot;:0},&quot;12&quot;:0}\">Packaging menggunakan besek khusus hampers yang kokoh namun tetap cantik.</span></li>\r\n<li><span data-sheets-value=\"{&quot;1&quot;:2,&quot;2&quot;:&quot;\\&quot;Packaging menggunakan besek khusus hampers yang kokoh namun tetap cantik.\\n\\nInclude:\\n- Madu multiflora 162 gr\\n- Madu kelengkeng 162 gr\\n- Sendok kayu madu foodgrade\\n- Mug enamel\\n- Wedang uwuh\\n- Greetings card design vintage\\&quot;\\r\\nHarga per pcs&quot;}\" data-sheets-userformat=\"{&quot;2&quot;:513,&quot;3&quot;:{&quot;1&quot;:0},&quot;12&quot;:0}\">Include:<br />- Madu multiflora 162 gr<br />- Madu kelengkeng 162 gr<br />- Sendok kayu madu foodgrade<br />- Mug enamel<br />- Wedang uwuh<br />- Greetings card design vintage</span></li>\r\n<li><span data-sheets-value=\"{&quot;1&quot;:2,&quot;2&quot;:&quot;\\&quot;Packaging menggunakan besek khusus hampers yang kokoh namun tetap cantik.\\n\\nInclude:\\n- Madu multiflora 162 gr\\n- Madu kelengkeng 162 gr\\n- Sendok kayu madu foodgrade\\n- Mug enamel\\n- Wedang uwuh\\n- Greetings card design vintage\\&quot;\\r\\nHarga per pcs&quot;}\" data-sheets-userformat=\"{&quot;2&quot;:513,&quot;3&quot;:{&quot;1&quot;:0},&quot;12&quot;:0}\">Harga per pcs</span></li>\r\n</ul>', 'healthy-gift-besek-reg1-HEALTHYGIFTBESEKREG1-16908728840.webp', 'a:1:{i:0;s:61:\"healthy-gift-besek-reg1-HEALTHYGIFTBESEKREG1-16908728840.webp\";}', 163700, 0, '0000-00-00 00:00:00', '0000-00-00 00:00:00', NULL, 0, NULL, 0, 0, NULL, 0, NULL, 50, 15, 2, 1, '2023-08-01 06:54:45', '2023-08-01 06:54:45'),
(10049, 'CLASSICOFFICEACCESSORYSET', 'Classic Office Accessory Set', 'classic-office-accessory-set', '', '<ul>\r\n<li>Packaging menggunakan hard box + logo 1 warna.</li>\r\n<li>Include:<br />- Keychain + gravir logo<br />- Pen metal + gravir logo<br />- Card holder + gravir logo</li>\r\n<li><strong>Harga per pcs</strong></li>\r\n</ul>', 'classic-office-accessory-set-CLASSICOFFICEACCESSORYSET-16908729060.webp', 'a:1:{i:0;s:71:\"classic-office-accessory-set-CLASSICOFFICEACCESSORYSET-16908729060.webp\";}', 105000, 0, '0000-00-00 00:00:00', '0000-00-00 00:00:00', NULL, 0, NULL, 0, 0, NULL, 0, NULL, 50, 15, 23, 1, '2023-08-01 06:55:07', '2023-08-01 06:55:07'),
(10050, 'MODERNOFFICEESSENTIALSCOLLECTION', 'Modern Office Essentials Collection', 'modern-office-essentials-collection', '', '<ul>\r\n<li>Packaging menggunakan hard box model sliding.</li>\r\n<li>Include:<br />- Logo 1 warna pada cover<br />- Tumbler + gravir<br />- Cutlery set</li>\r\n<li><strong>Harga per pcs</strong></li>\r\n</ul>', 'modern-office-essentials-collection-MODERNOFFICEESSENTIALSCOLLECTION-16908729970.webp', 'a:1:{i:0;s:85:\"modern-office-essentials-collection-MODERNOFFICEESSENTIALSCOLLECTION-16908729970.webp\";}', 110000, 0, '0000-00-00 00:00:00', '0000-00-00 00:00:00', NULL, 0, NULL, 0, 0, NULL, 0, NULL, 50, 15, 23, 1, '2023-08-01 06:56:37', '2023-08-01 06:56:37'),
(10051, 'HEALTHYGIFTBESEKREG2', 'Healthy Gift Besek REG2', 'healthy-gift-besek-reg2', '', '<ul>\r\n<li><span data-sheets-value=\"{&quot;1&quot;:2,&quot;2&quot;:&quot;\\&quot;Packaging menggunakan besek khusus hampers yang kokoh namun tetap cantik.\\n\\nInclude:\\n- Madu multiflora 162 gr\\n- Madu kelengkeng 162 gr\\n- Sendok kayu madu foodgrade\\n- Golden raisins (kismis)\\n- Wedang uwuh\\n- Greetings card design vintage\\&quot;\\r\\nHarga per pcs&quot;}\" data-sheets-userformat=\"{&quot;2&quot;:513,&quot;3&quot;:{&quot;1&quot;:0},&quot;12&quot;:0}\">Packaging menggunakan besek khusus hampers yang kokoh namun tetap cantik.</span></li>\r\n<li><span data-sheets-value=\"{&quot;1&quot;:2,&quot;2&quot;:&quot;\\&quot;Packaging menggunakan besek khusus hampers yang kokoh namun tetap cantik.\\n\\nInclude:\\n- Madu multiflora 162 gr\\n- Madu kelengkeng 162 gr\\n- Sendok kayu madu foodgrade\\n- Golden raisins (kismis)\\n- Wedang uwuh\\n- Greetings card design vintage\\&quot;\\r\\nHarga per pcs&quot;}\" data-sheets-userformat=\"{&quot;2&quot;:513,&quot;3&quot;:{&quot;1&quot;:0},&quot;12&quot;:0}\">Include:<br />- Madu multiflora 162 gr<br />- Madu kelengkeng 162 gr<br />- Sendok kayu madu foodgrade<br />- Golden raisins (kismis)<br />- Wedang uwuh<br />- Greetings card design vintage</span></li>\r\n<li><span data-sheets-value=\"{&quot;1&quot;:2,&quot;2&quot;:&quot;\\&quot;Packaging menggunakan besek khusus hampers yang kokoh namun tetap cantik.\\n\\nInclude:\\n- Madu multiflora 162 gr\\n- Madu kelengkeng 162 gr\\n- Sendok kayu madu foodgrade\\n- Golden raisins (kismis)\\n- Wedang uwuh\\n- Greetings card design vintage\\&quot;\\r\\nHarga per pcs&quot;}\" data-sheets-userformat=\"{&quot;2&quot;:513,&quot;3&quot;:{&quot;1&quot;:0},&quot;12&quot;:0}\">Harga per pcs</span></li>\r\n</ul>', 'healthy-gift-besek-reg2-HEALTHYGIFTBESEKREG2-16908730030.webp', 'a:1:{i:0;s:61:\"healthy-gift-besek-reg2-HEALTHYGIFTBESEKREG2-16908730030.webp\";}', 163700, 0, '0000-00-00 00:00:00', '0000-00-00 00:00:00', NULL, 0, NULL, 0, 0, NULL, 0, NULL, 50, 15, 2, 1, '2023-08-01 06:56:43', '2023-08-01 06:56:43'),
(10052, 'POWERANDHYDRATEPOWERBANKANDTUMBLERSET', 'Power and Hydrate Powerbank and Tumbler Set', 'power-and-hydrate-powerbank-and-tumbler-set', '', '<ul>\r\n<li>Packaging menggunakan hard box + logo 1 warna.</li>\r\n<li>Include:<br />- Tumbler LED<br />- Powerbank 1000mAH</li>\r\n<li><strong>Harga per pcs</strong></li>\r\n</ul>', 'power-and-hydrate-powerbank-and-tumbler-set-POWERANDHYDRATEPOWERBANKANDTUMBLERSET-16908731090.webp', 'a:1:{i:0;s:98:\"power-and-hydrate-powerbank-and-tumbler-set-POWERANDHYDRATEPOWERBANKANDTUMBLERSET-16908731090.webp\";}', 270000, 0, '0000-00-00 00:00:00', '0000-00-00 00:00:00', NULL, 0, NULL, 0, 0, NULL, 0, NULL, 50, 15, 23, 1, '2023-08-01 06:58:30', '2023-08-01 06:58:30'),
(10053, 'HEALTHYGIFTENCENG1', 'Healthy Gift Enceng 1', 'healthy-gift-enceng-1', '', '<ul>\r\n<li><span data-sheets-value=\"{&quot;1&quot;:2,&quot;2&quot;:&quot;\\&quot;Packaging menggunakan keranjang yang terbuat dari enceng yang dibuat khusus untuk hampers.\\&quot;\\n\\nInclude:\\n- Madu multiflora 290 gr\\n- Golden raisins (kismis)\\n- Mix kacang almond dan mete\\n- Greetings card design vintage\\&quot;\\r\\nHarga per pcs&quot;}\" data-sheets-userformat=\"{&quot;2&quot;:513,&quot;3&quot;:{&quot;1&quot;:0},&quot;12&quot;:0}\">Packaging menggunakan keranjang yang terbuat dari enceng yang dibuat khusus untuk hampers.</span></li>\r\n<li><span data-sheets-value=\"{&quot;1&quot;:2,&quot;2&quot;:&quot;\\&quot;Packaging menggunakan keranjang yang terbuat dari enceng yang dibuat khusus untuk hampers.\\&quot;\\n\\nInclude:\\n- Madu multiflora 290 gr\\n- Golden raisins (kismis)\\n- Mix kacang almond dan mete\\n- Greetings card design vintage\\&quot;\\r\\nHarga per pcs&quot;}\" data-sheets-userformat=\"{&quot;2&quot;:513,&quot;3&quot;:{&quot;1&quot;:0},&quot;12&quot;:0}\">Include:<br />- Madu multiflora 290 gr<br />- Golden raisins (kismis)<br />- Mix kacang almond dan mete<br />- Greetings card design vintage</span></li>\r\n<li><span data-sheets-value=\"{&quot;1&quot;:2,&quot;2&quot;:&quot;\\&quot;Packaging menggunakan keranjang yang terbuat dari enceng yang dibuat khusus untuk hampers.\\&quot;\\n\\nInclude:\\n- Madu multiflora 290 gr\\n- Golden raisins (kismis)\\n- Mix kacang almond dan mete\\n- Greetings card design vintage\\&quot;\\r\\nHarga per pcs&quot;}\" data-sheets-userformat=\"{&quot;2&quot;:513,&quot;3&quot;:{&quot;1&quot;:0},&quot;12&quot;:0}\">Harga per pcs</span></li>\r\n</ul>', 'healthy-gift-enceng-1-HEALTHYGIFTENCENG1-16908732150.webp', 'a:1:{i:0;s:57:\"healthy-gift-enceng-1-HEALTHYGIFTENCENG1-16908732150.webp\";}', 191500, 0, '0000-00-00 00:00:00', '0000-00-00 00:00:00', NULL, 0, NULL, 0, 0, NULL, 0, NULL, 50, 15, 2, 1, '2023-08-01 07:00:15', '2023-08-01 07:00:15'),
(10054, 'HEALTHYHAMPERSBAG1A', 'Healthy Hampers Bag 1A', 'healthy-hampers-bag-1a', '', '<ul>\r\n<li><span data-sheets-value=\"{&quot;1&quot;:2,&quot;2&quot;:&quot;\\&quot;Packaging menggunakna desain tas anyaman berwarna putih yang memberikan kesan elegan dan cantik.\\n\\nInclude:\\n- Madu multiflora 162 gr\\n- Madu kelengkeng 290 gr\\n- Sendok kayu madu foodgrade\\n- Sari lemon \\n- Wedang uwuh\\n- Greetings card design vintage\\r\\nHarga per pcs&quot;}\" data-sheets-userformat=\"{&quot;2&quot;:513,&quot;3&quot;:{&quot;1&quot;:0},&quot;12&quot;:0}\">Packaging menggunakna desain tas anyaman berwarna putih yang memberikan kesan elegan dan cantik.</span></li>\r\n<li><span data-sheets-value=\"{&quot;1&quot;:2,&quot;2&quot;:&quot;\\&quot;Packaging menggunakna desain tas anyaman berwarna putih yang memberikan kesan elegan dan cantik.\\n\\nInclude:\\n- Madu multiflora 162 gr\\n- Madu kelengkeng 290 gr\\n- Sendok kayu madu foodgrade\\n- Sari lemon \\n- Wedang uwuh\\n- Greetings card design vintage\\r\\nHarga per pcs&quot;}\" data-sheets-userformat=\"{&quot;2&quot;:513,&quot;3&quot;:{&quot;1&quot;:0},&quot;12&quot;:0}\">Include:<br />- Madu multiflora 162 gr<br />- Madu kelengkeng 290 gr<br />- Sendok kayu madu foodgrade<br />- Sari lemon <br />- Wedang uwuh<br />- Greetings card design vintage</span></li>\r\n<li><span data-sheets-value=\"{&quot;1&quot;:2,&quot;2&quot;:&quot;\\&quot;Packaging menggunakna desain tas anyaman berwarna putih yang memberikan kesan elegan dan cantik.\\n\\nInclude:\\n- Madu multiflora 162 gr\\n- Madu kelengkeng 290 gr\\n- Sendok kayu madu foodgrade\\n- Sari lemon \\n- Wedang uwuh\\n- Greetings card design vintage\\r\\nHarga per pcs&quot;}\" data-sheets-userformat=\"{&quot;2&quot;:513,&quot;3&quot;:{&quot;1&quot;:0},&quot;12&quot;:0}\">Harga per pcs</span></li>\r\n</ul>', 'healthy-hampers-bag-1a-HEALTHYHAMPERSBAG1A-16908734710.webp', 'a:1:{i:0;s:59:\"healthy-hampers-bag-1a-HEALTHYHAMPERSBAG1A-16908734710.webp\";}', 218500, 0, '0000-00-00 00:00:00', '0000-00-00 00:00:00', NULL, 0, NULL, 0, 0, NULL, 0, NULL, 50, 15, 2, 1, '2023-08-01 07:04:31', '2023-08-01 07:04:31'),
(10055, 'SLEEKDESKTUMBLERGIFT', 'Sleek Desk Tumbler Gift', 'sleek-desk-tumbler-gift', '', '<ul>\r\n<li>Packaging menggunakan hard box model buku.</li>\r\n<li>Include:<br />- Tumbler LED + gravir logo.</li>\r\n<li><strong>Harga per pcs</strong></li>\r\n</ul>', 'sleek-desk-tumbler-gift-SLEEKDESKTUMBLERGIFT-16908735710.webp', 'a:1:{i:0;s:61:\"sleek-desk-tumbler-gift-SLEEKDESKTUMBLERGIFT-16908735710.webp\";}', 90000, 0, '0000-00-00 00:00:00', '0000-00-00 00:00:00', NULL, 0, NULL, 0, 0, NULL, 0, NULL, 50, 15, 23, 1, '2023-08-01 07:06:11', '2023-08-03 05:19:17'),
(10056, 'HEALTHYHAMPERSBAG1B', 'Healthy Hampers Bag 1B', 'healthy-hampers-bag-1b', '', '<ul>\r\n<li><span data-sheets-value=\"{\" data-sheets-userformat=\"{\">Packaging menggunakna desain tas anyaman berwarna putih yang memberikan kesan elegan dan cantik.</span></li>\r\n<li><span data-sheets-value=\"{\" data-sheets-userformat=\"{\">Include:<br />- Madu multiflora 290 gr<br />- Sendok kayu madu foodgrade<br />- Mix kacang almond dan mete<br />- Mug enamel<br />- Golden raisin (kismis)<br />- Greetings card design vintage</span></li>\r\n<li><span data-sheets-value=\"{\" data-sheets-userformat=\"{\">Harga per pcs</span></li>\r\n</ul>', 'healthy-hampers-bag-1b-HEALTHYHAMPERSBAG1B-16908736310.webp', 'a:1:{i:0;s:59:\"healthy-hampers-bag-1b-HEALTHYHAMPERSBAG1B-16908736310.webp\";}', 226500, 0, '0000-00-00 00:00:00', '0000-00-00 00:00:00', 0, 0, NULL, 0, 0, NULL, 0, NULL, 50, 15, 2, 1, '2023-08-01 07:07:11', '2023-08-11 03:50:05'),
(10057, 'STYLISTOFFICETOTEBAG', 'Stylist Office Tote Bag', 'stylist-office-tote-bag', '', '<ul>\r\n<li>Packaging menggunakan hard box + logo.</li>\r\n<li>Include:<br />- Totebag baby canvas<br />- Notebook, Tumbler, Pen</li>\r\n<li><strong>Harga per pcs</strong></li>\r\n</ul>', 'stylist-office-tote-bag-STYLISTOFFICETOTEBAG-16908736590.webp', 'a:1:{i:0;s:61:\"stylist-office-tote-bag-STYLISTOFFICETOTEBAG-16908736590.webp\";}', 290000, 0, '0000-00-00 00:00:00', '0000-00-00 00:00:00', NULL, 0, NULL, 0, 0, NULL, 0, NULL, 50, 15, 23, 1, '2023-08-01 07:07:39', '2023-08-01 07:07:39'),
(10058, 'TUMBLERANDCARDHOLDERCOMBOGIFTSET', 'Tumbler and Card Holder Combo Gift Set', 'tumbler-and-card-holder-combo-gift-set', '', '<ul>\r\n<li>Packaging menggunakan hard box model buku.</li>\r\n<li>Include:<br />- Tumbler LED + gravir<br />- Logo pada box<br />- E-toll brizzi cetak 1 sisi<br />- Card wallet engrave nama</li>\r\n<li><strong>Harga per pcs</strong></li>\r\n</ul>', 'tumbler-and-card-holder-combo-gift-set-TUMBLERANDCARDHOLDERCOMBOGIFTSET-16908738070.webp', 'a:1:{i:0;s:88:\"tumbler-and-card-holder-combo-gift-set-TUMBLERANDCARDHOLDERCOMBOGIFTSET-16908738070.webp\";}', 190000, 0, '0000-00-00 00:00:00', '0000-00-00 00:00:00', NULL, 0, NULL, 0, 0, NULL, 0, NULL, 50, 15, 23, 1, '2023-08-01 07:10:07', '2023-08-01 07:10:07'),
(10059, 'HEALTHYHAMPERSBAG1C', 'Healthy Hampers Bag 1C', 'healthy-hampers-bag-1c', '', '<ul>\r\n<li><span data-sheets-value=\"{&quot;1&quot;:2,&quot;2&quot;:&quot;Packaging menggunakna desain tas anyaman berwarna putih yang memberikan kesan elegan dan cantik.\\n\\nInclude:\\n- Madu multiflora 290 gr\\n- Wedang uwuh\\n- Sendok kayu madu foodgrade\\n- Sari lemon\\n- Mug enamel\\n- Golden raisin (kismis)\\n- Dendeng kriuk kentang\\n- Greetings card\\r\\nHarga per pcs&quot;}\" data-sheets-userformat=\"{&quot;2&quot;:513,&quot;3&quot;:{&quot;1&quot;:0},&quot;12&quot;:0}\">Packaging menggunakna desain tas anyaman berwarna putih yang memberikan kesan elegan dan cantik.</span></li>\r\n<li><span data-sheets-value=\"{&quot;1&quot;:2,&quot;2&quot;:&quot;Packaging menggunakna desain tas anyaman berwarna putih yang memberikan kesan elegan dan cantik.\\n\\nInclude:\\n- Madu multiflora 290 gr\\n- Wedang uwuh\\n- Sendok kayu madu foodgrade\\n- Sari lemon\\n- Mug enamel\\n- Golden raisin (kismis)\\n- Dendeng kriuk kentang\\n- Greetings card\\r\\nHarga per pcs&quot;}\" data-sheets-userformat=\"{&quot;2&quot;:513,&quot;3&quot;:{&quot;1&quot;:0},&quot;12&quot;:0}\">Include:<br />- Madu multiflora 290 gr<br />- Wedang uwuh<br />- Sendok kayu madu foodgrade<br />- Sari lemon<br />- Mug enamel<br />- Golden raisin (kismis)<br />- Dendeng kriuk kentang<br />- Greetings card</span></li>\r\n<li><span data-sheets-value=\"{&quot;1&quot;:2,&quot;2&quot;:&quot;Packaging menggunakna desain tas anyaman berwarna putih yang memberikan kesan elegan dan cantik.\\n\\nInclude:\\n- Madu multiflora 290 gr\\n- Wedang uwuh\\n- Sendok kayu madu foodgrade\\n- Sari lemon\\n- Mug enamel\\n- Golden raisin (kismis)\\n- Dendeng kriuk kentang\\n- Greetings card\\r\\nHarga per pcs&quot;}\" data-sheets-userformat=\"{&quot;2&quot;:513,&quot;3&quot;:{&quot;1&quot;:0},&quot;12&quot;:0}\">Harga per pcs</span></li>\r\n</ul>', 'healthy-hampers-bag-1c-HEALTHYHAMPERSBAG1C-16908740420.webp', 'a:1:{i:0;s:59:\"healthy-hampers-bag-1c-HEALTHYHAMPERSBAG1C-16908740420.webp\";}', 258000, 0, '0000-00-00 00:00:00', '0000-00-00 00:00:00', NULL, 0, NULL, 0, 0, NULL, 0, NULL, 30, 15, 2, 1, '2023-08-01 07:14:02', '2023-08-01 07:14:02'),
(10060, 'BUSINESSCOMPANION', 'Business Companion', 'business-companion', '', '<ul>\r\n<li>Include : <br />- Flashdisk<br />- Jam meja<br />- Pulpen Eksklusif<br />- Box Custom logo</li>\r\n<li><strong>Harga per pcs</strong></li>\r\n</ul>', 'business-companion-BUSINESSCOMPANION-16908745690.webp', 'a:1:{i:0;s:53:\"business-companion-BUSINESSCOMPANION-16908745690.webp\";}', 198000, 0, '0000-00-00 00:00:00', '0000-00-00 00:00:00', NULL, 0, NULL, 0, 0, NULL, 0, NULL, 50, 15, 23, 1, '2023-08-01 07:22:49', '2023-08-01 07:22:49'),
(10061, 'LUXEESSENTIALS', 'Luxe Essentials', 'luxe-essentials', '', '<ul>\r\n<li>Include : <br />- Pulpen <br />- Dompet Kartu<br />- Gantungan Kunci<br />- Box<br />- Logo satu sisi</li>\r\n<li><strong>Harga per pcs</strong></li>\r\n</ul>', 'luxe-essentials-LUXEESSENTIALS-16908747660.webp', 'a:1:{i:0;s:47:\"luxe-essentials-LUXEESSENTIALS-16908747660.webp\";}', 88000, 0, '0000-00-00 00:00:00', '0000-00-00 00:00:00', NULL, 0, NULL, 0, 0, NULL, 0, NULL, 50, 15, 23, 1, '2023-08-01 07:26:06', '2023-08-01 07:26:06'),
(10062, 'SIGNATUREPENSET', 'Signature Pen Set', 'signature-pen-set', '', '<ul>\r\n<li>Pen set dengan box</li>\r\n<li>Custom logo 1 sisi</li>\r\n<li>Harga per pcs</li>\r\n</ul>', 'signature-pen-set-SIGNATUREPENSET-16908748640.webp', 'a:1:{i:0;s:50:\"signature-pen-set-SIGNATUREPENSET-16908748640.webp\";}', 88000, 0, '0000-00-00 00:00:00', '0000-00-00 00:00:00', NULL, 0, NULL, 0, 0, NULL, 0, NULL, 50, 15, 23, 1, '2023-08-01 07:27:44', '2023-08-01 07:27:44'),
(10063, 'CARDHOLDERPENELEGANCEKIT', 'Cardholder & Pen Elegance Kit', 'cardholder-pen-elegance-kit', '', '<ul>\r\n<li><span data-sheets-value=\"{&quot;1&quot;:2,&quot;2&quot;:&quot;Include : \\n- Notebook hard cover\\n- Pena metal tw 250\\r\\nHarga per pcs&quot;}\" data-sheets-userformat=\"{&quot;2&quot;:513,&quot;3&quot;:{&quot;1&quot;:0},&quot;12&quot;:0}\">Include : <br />- Notebook hard cover<br />- Pena metal tw 250</span></li>\r\n<li><span data-sheets-value=\"{&quot;1&quot;:2,&quot;2&quot;:&quot;Include : \\n- Notebook hard cover\\n- Pena metal tw 250\\r\\nHarga per pcs&quot;}\" data-sheets-userformat=\"{&quot;2&quot;:513,&quot;3&quot;:{&quot;1&quot;:0},&quot;12&quot;:0}\">Harga per pcs</span></li>\r\n</ul>', 'cardholder-pen-elegance-kit-CARDHOLDERPENELEGANCEKIT-16908762860.webp', 'a:1:{i:0;s:69:\"cardholder-pen-elegance-kit-CARDHOLDERPENELEGANCEKIT-16908762860.webp\";}', 94000, 0, '0000-00-00 00:00:00', '0000-00-00 00:00:00', NULL, 0, NULL, 0, 0, NULL, 0, NULL, 50, 15, 2, 1, '2023-08-01 07:51:26', '2023-08-01 07:51:26'),
(10064, 'CHARGEWRITECOMBO', 'Charge & Write Combo', 'charge-write-combo', '', '<ul>\r\n<li><span data-sheets-value=\"{&quot;1&quot;:2,&quot;2&quot;:&quot;Include : \\n- Powerbank 10.000mAH \\n- Pena metal tw 250\\r\\nHarga per pcs&quot;}\" data-sheets-userformat=\"{&quot;2&quot;:513,&quot;3&quot;:{&quot;1&quot;:0},&quot;12&quot;:0}\">Include : <br />- Powerbank 10.000mAH <br />- Pena metal tw 250</span></li>\r\n<li><span data-sheets-value=\"{&quot;1&quot;:2,&quot;2&quot;:&quot;Include : \\n- Powerbank 10.000mAH \\n- Pena metal tw 250\\r\\nHarga per pcs&quot;}\" data-sheets-userformat=\"{&quot;2&quot;:513,&quot;3&quot;:{&quot;1&quot;:0},&quot;12&quot;:0}\">Harga per pcs</span></li>\r\n</ul>', 'charge-write-combo-CHARGEWRITECOMBO-16908764400.webp', 'a:1:{i:0;s:52:\"charge-write-combo-CHARGEWRITECOMBO-16908764400.webp\";}', 154000, 0, '0000-00-00 00:00:00', '0000-00-00 00:00:00', NULL, 0, NULL, 0, 0, NULL, 0, NULL, 50, 15, 2, 1, '2023-08-01 07:54:01', '2023-08-01 07:54:01'),
(10065, 'LANYARDTUMBLERCOMBO', 'Lanyard & Tumbler Combo', 'lanyard-tumbler-combo', '', '<ul>\r\n<li><span data-sheets-value=\"{\" data-sheets-userformat=\"{\">Include : <br />- Tumbler Travel 500ml<br />- Lanyard Kulit Sapi</span></li>\r\n<li><span data-sheets-value=\"{\" data-sheets-userformat=\"{\">Harga per pcs</span></li>\r\n</ul>', 'lanyard-tumbler-combo-LANYARDTUMBLERCOMBO-16908765820.webp', 'a:1:{i:0;s:58:\"lanyard-tumbler-combo-LANYARDTUMBLERCOMBO-16908765820.webp\";}', 215000, 0, '0000-00-00 00:00:00', '0000-00-00 00:00:00', 0, 0, NULL, 0, 0, NULL, 0, NULL, 50, 15, 2, 1, '2023-08-01 07:56:22', '2023-08-08 07:03:45'),
(10066, 'HEALTHYGIFTROTAN1', 'Healthy Gift Rotan 1', 'healthy-gift-rotan-1', '', '<ul>\r\n<li>Packaging menggunakan keranjang yang terbuat dari rotan yang dibuat khusus untuk hampers.</li>\r\n<li>Include:<br />- Madu multiflora 290 gr<br />- Madu kelengkeng 162 gr<br />- Sendok kayu madu foodgrade<br />- Mix kacang almond dan mete<br />- Greetings card design vintage\"\"</li>\r\n<li><strong>Harga per pcs</strong></li>\r\n</ul>', 'healthy-gift-rotan-1-HEALTHYGIFTROTAN1-16908765820.webp', 'a:1:{i:0;s:55:\"healthy-gift-rotan-1-HEALTHYGIFTROTAN1-16908765820.webp\";}', 192000, 0, '0000-00-00 00:00:00', '0000-00-00 00:00:00', NULL, 0, NULL, 0, 0, NULL, 0, NULL, 50, 15, 23, 1, '2023-08-01 07:56:22', '2023-08-01 07:56:22'),
(10067, 'ONTHEGOPRODUCTIVITYBOX', 'On-the-Go Productivity Box', 'on-the-go-productivity-box', '', '<ul>\r\n<li><span data-sheets-value=\"{&quot;1&quot;:2,&quot;2&quot;:&quot;Include : \\n- Tumbler stainless 304 500ml\\n- Powerbank 10.000 mAH\\n- Card holder RFID Blok Alumunium\\n- Pena metal TW 250\\r\\nHarga per pcs&quot;}\" data-sheets-userformat=\"{&quot;2&quot;:513,&quot;3&quot;:{&quot;1&quot;:0},&quot;12&quot;:0}\">Include : <br />- Tumbler stainless 304 500ml<br />- Powerbank 10.000 mAH<br />- Card holder RFID Blok Alumunium<br />- Pena metal TW 250</span></li>\r\n<li><span data-sheets-value=\"{&quot;1&quot;:2,&quot;2&quot;:&quot;Include : \\n- Tumbler stainless 304 500ml\\n- Powerbank 10.000 mAH\\n- Card holder RFID Blok Alumunium\\n- Pena metal TW 250\\r\\nHarga per pcs&quot;}\" data-sheets-userformat=\"{&quot;2&quot;:513,&quot;3&quot;:{&quot;1&quot;:0},&quot;12&quot;:0}\">Harga per pcs</span></li>\r\n</ul>', 'on-the-go-productivity-box-ONTHEGOPRODUCTIVITYBOX-16908769270.webp', 'a:1:{i:0;s:66:\"on-the-go-productivity-box-ONTHEGOPRODUCTIVITYBOX-16908769270.webp\";}', 304000, 0, '0000-00-00 00:00:00', '0000-00-00 00:00:00', NULL, 0, NULL, 0, 0, NULL, 0, NULL, 50, 15, 2, 1, '2023-08-01 08:02:07', '2023-08-01 08:02:07'),
(10068, 'PENPAPERSIPBOX', 'Pen, Paper & Sip Box', 'pen-paper-sip-box', '', '<ul>\r\n<li><span data-sheets-value=\"{\" data-sheets-userformat=\"{\">Include : <br />- Tumbler temperatur 500ml<br />- Notebook kulit<br />- Pena metal TW 250</span></li>\r\n<li><span data-sheets-value=\"{\" data-sheets-userformat=\"{\">Harga per pcs</span></li>\r\n</ul>', 'pen-paper-sip-box-PENPAPERSIPBOX-16908770600.webp', 'a:1:{i:0;s:49:\"pen-paper-sip-box-PENPAPERSIPBOX-16908770600.webp\";}', 249000, 200000, '0000-00-00 00:00:00', '0000-00-00 00:00:00', 0, 0, NULL, 0, 0, NULL, 0, NULL, 50, 15, 1, 1, '2023-08-01 08:04:20', '2023-10-17 17:03:01'),
(10069, 'PERSONALIZEDBOXEDMUG', 'Personalized Boxed Mug', 'personalized-boxed-mug', '', '<ul>\r\n<li><span data-sheets-value=\"{&quot;1&quot;:2,&quot;2&quot;:&quot;Include : \\n- Tumbler temperatur 500ml\\n- Notebook kulit\\n- Pena metal TW 250\\r\\nHarga per pcs&quot;}\" data-sheets-userformat=\"{&quot;2&quot;:513,&quot;3&quot;:{&quot;1&quot;:0},&quot;12&quot;:0}\">Include : <br /></span><span data-sheets-value=\"{&quot;1&quot;:2,&quot;2&quot;:&quot;- Mug keramik\\n- Coating\\n- Custom Salbon\\n- Packaging box +15.000\\r\\nHarga per pcs&quot;}\" data-sheets-userformat=\"{&quot;2&quot;:513,&quot;3&quot;:{&quot;1&quot;:0},&quot;12&quot;:0}\">- Mug keramik<br />- Coating<br />- Custom Salbon<br />- Packaging box +15.000</span></li>\r\n<li><span data-sheets-value=\"{&quot;1&quot;:2,&quot;2&quot;:&quot;- Mug keramik\\n- Coating\\n- Custom Salbon\\n- Packaging box +15.000\\r\\nHarga per pcs&quot;}\" data-sheets-userformat=\"{&quot;2&quot;:513,&quot;3&quot;:{&quot;1&quot;:0},&quot;12&quot;:0}\">Harga per pcs</span></li>\r\n</ul>', 'personalized-boxed-mug-PERSONALIZEDBOXEDMUG-16908773500.webp', 'a:1:{i:0;s:60:\"personalized-boxed-mug-PERSONALIZEDBOXEDMUG-16908773500.webp\";}', 28000, 0, '0000-00-00 00:00:00', '0000-00-00 00:00:00', NULL, 0, NULL, 0, 0, NULL, 0, NULL, 50, 15, 2, 1, '2023-08-01 08:09:10', '2023-08-01 08:09:10'),
(10070, 'TUMBLERANDCUPKIT', 'Tumbler and Cup Kit', 'tumbler-and-cup-kit', '', '<ul>\r\n<li><span data-sheets-value=\"{&quot;1&quot;:2,&quot;2&quot;:&quot;Include : \\n- Tumbler temperatur 500ml\\n- Notebook kulit\\n- Pena metal TW 250\\r\\nHarga per pcs&quot;}\" data-sheets-userformat=\"{&quot;2&quot;:513,&quot;3&quot;:{&quot;1&quot;:0},&quot;12&quot;:0}\">Include : <br />- 1 set tumbler dan gelas</span></li>\r\n<li><span data-sheets-value=\"{&quot;1&quot;:2,&quot;2&quot;:&quot;Include : \\n- Tumbler temperatur 500ml\\n- Notebook kulit\\n- Pena metal TW 250\\r\\nHarga per pcs&quot;}\" data-sheets-userformat=\"{&quot;2&quot;:513,&quot;3&quot;:{&quot;1&quot;:0},&quot;12&quot;:0}\">Harga per pcs</span></li>\r\n</ul>', 'tumbler-and-cup-kit-TUMBLERANDCUPKIT-16908774740.webp', 'a:1:{i:0;s:53:\"tumbler-and-cup-kit-TUMBLERANDCUPKIT-16908774740.webp\";}', 84000, 0, '0000-00-00 00:00:00', '0000-00-00 00:00:00', NULL, 0, NULL, 0, 0, NULL, 0, NULL, 50, 15, 2, 1, '2023-08-01 08:11:14', '2023-08-01 08:11:14'),
(10071, 'POUCHANDTUMBLERKIT', 'Pouch and Tumbler Kit', 'pouch-and-tumbler-kit', '<p>Pouch &amp; bags adalah aksesoris penting dalam kehidupan sehari-hari, dapat membantu dan memudahkan kita untuk mengatur dan membawa barang-barang yang setiap hari kita gunakan.</p>\r\n<p>Produk ini cocok untuk berbagai kebutuhan mulai dari pilihan ideal untuk momen spesial seperti ulang tahun, hari raya, pernikahan ataupun untuk kebutuhan event perusahaan dan hadiah untuk kolega. Dengan kualitas dan desain yang menarik, setiap item dalam koleksi ini akan memberikan kebahagiaan dan kepuasan bagi yang menerimanya.</p>', '<ul>\r\n<li><span data-sheets-value=\"{\" data-sheets-userformat=\"{\">Include : <br />- Tumbler Straight LED<br />- Pouch Kulit Sintetis<br />- Hardbox Custom</span></li>\r\n<li><span data-sheets-value=\"{\" data-sheets-userformat=\"{\">Harga per pcs</span></li>\r\n</ul>', 'pouch-and-tumbler-kit-POUCHANDTUMBLERKIT-16911300430.webp', 'a:1:{i:0;s:57:\"pouch-and-tumbler-kit-POUCHANDTUMBLERKIT-16911300430.webp\";}', 195000, 0, '0000-00-00 00:00:00', '0000-00-00 00:00:00', 0, 0, NULL, 0, 0, NULL, 0, NULL, 50, 15, 1, 1, '2023-08-04 06:20:44', '2023-10-21 06:04:03'),
(10072, 'UMBRELLASIPSGIFTSET', 'Umbrella Sips Gift Set', 'umbrella-sips-gift-set', '', '<ul>\r\n<li><span data-sheets-value=\"{&quot;1&quot;:2,&quot;2&quot;:&quot;Include : \\n- Tumbler Straight LED\\n- Payung lipat otomatis\\n- Hardbox Custom\\nHarga per pcs&quot;}\" data-sheets-userformat=\"{&quot;2&quot;:513,&quot;3&quot;:{&quot;1&quot;:0},&quot;12&quot;:0}\">Include : <br />- Tumbler Straight LED<br />- Payung lipat otomatis<br />- Hardbox Custom</span></li>\r\n<li><span data-sheets-value=\"{&quot;1&quot;:2,&quot;2&quot;:&quot;Include : \\n- Tumbler Straight LED\\n- Payung lipat otomatis\\n- Hardbox Custom\\nHarga per pcs&quot;}\" data-sheets-userformat=\"{&quot;2&quot;:513,&quot;3&quot;:{&quot;1&quot;:0},&quot;12&quot;:0}\">Harga per pcs</span></li>\r\n</ul>', 'umbrella-sips-gift-set-UMBRELLASIPSGIFTSET-16911303500.webp', 'a:1:{i:0;s:59:\"umbrella-sips-gift-set-UMBRELLASIPSGIFTSET-16911303500.webp\";}', 190000, 0, '0000-00-00 00:00:00', '0000-00-00 00:00:00', NULL, 0, NULL, 0, 0, NULL, 0, NULL, 50, 15, 2, 1, '2023-08-04 06:25:51', '2023-08-04 06:25:51'),
(10073, '3IN1METALLICTOUCHOFFICESET', '3 in 1 Metallic Touch Office Set', '3-in-1-metallic-touch-office-set', '', '<ul>\r\n<li><span data-sheets-value=\"{&quot;1&quot;:2,&quot;2&quot;:&quot;Include : \\n- Pen metal\\n- USB kapasitas 8 GB\\n- Card holder\\n- Grafir 1 sisi\\n- Box polos\\nHarga per pcs&quot;}\" data-sheets-userformat=\"{&quot;2&quot;:513,&quot;3&quot;:{&quot;1&quot;:0},&quot;12&quot;:0}\">Include : <br />- Pen metal<br />- USB kapasitas 8 GB<br />- Card holder<br />- Grafir 1 sisi<br />- Box polos</span></li>\r\n<li><span data-sheets-value=\"{&quot;1&quot;:2,&quot;2&quot;:&quot;Include : \\n- Pen metal\\n- USB kapasitas 8 GB\\n- Card holder\\n- Grafir 1 sisi\\n- Box polos\\nHarga per pcs&quot;}\" data-sheets-userformat=\"{&quot;2&quot;:513,&quot;3&quot;:{&quot;1&quot;:0},&quot;12&quot;:0}\">Harga per pcs</span></li>\r\n</ul>', '3-in-1-metallic-touch-office-set-3IN1METALLICTOUCHOFFICESET-16911396060.webp', 'a:1:{i:0;s:76:\"3-in-1-metallic-touch-office-set-3IN1METALLICTOUCHOFFICESET-16911396060.webp\";}', 146000, 0, '0000-00-00 00:00:00', '0000-00-00 00:00:00', NULL, 0, NULL, 0, 0, NULL, 0, NULL, 50, 15, 2, 1, '2023-08-04 09:00:06', '2023-08-04 09:00:06'),
(10074, 'TRIOGIFTPACKAGE', 'Trio Gift Package', 'trio-gift-package', '', '<ul>\r\n<li><span data-sheets-value=\"{&quot;1&quot;:2,&quot;2&quot;:&quot;Include : \\n- Pen metal\\n- Gantungan kunci\\n- Card holder\\r\\n- Grafir 1 sisi\\r\\n- Box polos\\nHarga per pcs&quot;}\" data-sheets-userformat=\"{&quot;2&quot;:513,&quot;3&quot;:{&quot;1&quot;:0},&quot;12&quot;:0}\">Include : <br />- Pen metal<br />- Gantungan kunci<br />- Card holder <br />- Grafir 1 sisi <br />- Box polos</span></li>\r\n<li><span data-sheets-value=\"{&quot;1&quot;:2,&quot;2&quot;:&quot;Include : \\n- Pen metal\\n- Gantungan kunci\\n- Card holder\\r\\n- Grafir 1 sisi\\r\\n- Box polos\\nHarga per pcs&quot;}\" data-sheets-userformat=\"{&quot;2&quot;:513,&quot;3&quot;:{&quot;1&quot;:0},&quot;12&quot;:0}\">Harga per pcs</span></li>\r\n</ul>', 'trio-gift-package-TRIOGIFTPACKAGE-16911396870.webp', 'a:1:{i:0;s:50:\"trio-gift-package-TRIOGIFTPACKAGE-16911396870.webp\";}', 113000, 0, '0000-00-00 00:00:00', '0000-00-00 00:00:00', NULL, 0, NULL, 0, 0, NULL, 0, NULL, 50, 15, 2, 1, '2023-08-04 09:01:27', '2023-08-04 09:01:27'),
(10075, 'GANCIKULIT', 'Ganci Kulit', 'ganci-kulit', '<p>Ganci KulitGanci KulitGanci Kulit</p>', '<p>Ganci Kulit</p>', 'ganci-kulit-GANCIKULIT-16975626440.webp', 'a:1:{i:0;s:39:\"ganci-kulit-GANCIKULIT-16975626440.webp\";}', 4000, 0, '0000-00-00 00:00:00', '0000-00-00 00:00:00', 0, 0, NULL, 0, 1, NULL, 0, NULL, 12, 12, 1, 1, '2023-10-17 17:10:44', '2023-10-17 17:15:20'),
(10076, 'ALASGELASKAYU', 'Alas Gelas Kayu', 'alas-gelas-kayu', '<p>*Pilih salah satu untuk gambar utama</p>', '<p>*Pilih salah satu untuk gambar utama</p>', 'alas-gelas-kayu-ALASGELASKAYU-16975632850.webp', 'a:1:{i:0;s:46:\"alas-gelas-kayu-ALASGELASKAYU-16975632850.webp\";}', 8000, 0, '0000-00-00 00:00:00', '0000-00-00 00:00:00', NULL, 0, NULL, 0, 1, NULL, 0, NULL, 12, 2, 1, 1, '2023-10-17 17:21:25', '2023-10-17 17:21:25'),
(10077, 'GANCIAKRILIK', 'Ganci Akrilik', 'ganci-akrilik', '<p>Ganci Akrilik</p>', '<p>Ganci Akrilik</p>', 'ganci-akrilik-GANCIAKRILIK-16975636120.webp', 'a:1:{i:0;s:43:\"ganci-akrilik-GANCIAKRILIK-16975636120.webp\";}', 3000, 0, '0000-00-00 00:00:00', '0000-00-00 00:00:00', NULL, 0, NULL, 0, 1, NULL, 0, NULL, 10, 12, 1, 1, '2023-10-17 17:26:52', '2023-10-17 17:26:52'),
(10078, 'GANCIKAYU', 'Ganci Kayu', 'ganci-kayu', '<p>ganci kayu</p>', '<p>ganci kayu</p>', 'ganci-kayu-GANCIKAYU-16975637370.webp', 'a:1:{i:0;s:37:\"ganci-kayu-GANCIKAYU-16975637370.webp\";}', 6800, 6250, '0000-00-00 00:00:00', '0000-00-00 00:00:00', NULL, 0, NULL, 0, 1, NULL, 0, NULL, 12, 12, 1, 1, '2023-10-17 17:28:57', '2023-10-17 17:28:57'),
(10079, 'COBACOBAEUY', 'coba coba EUY', 'coba-coba-euy', '<p>coba coba</p>', '<p>Spesifikasi Produk</p>', 'coba-coba-COBACOBA-16976618760.webp', 'a:1:{i:0;s:35:\"coba-coba-COBACOBA-16976618760.webp\";}', 2000, 0, '0000-00-00 00:00:00', '0000-00-00 00:00:00', 0, 0, NULL, 0, 0, NULL, 0, NULL, 12, 2, 1, 1, '2023-10-18 20:44:36', '2023-12-04 07:35:44');

-- --------------------------------------------------------

--
-- Table structure for table `product_addon`
--

CREATE TABLE `product_addon` (
  `id` int NOT NULL,
  `product_id` int NOT NULL,
  `addon_id` int NOT NULL
) ENGINE=InnoDB DEFAULT CHARSET=utf8mb4 COLLATE=utf8mb4_0900_ai_ci;

--
-- Dumping data for table `product_addon`
--

INSERT INTO `product_addon` (`id`, `product_id`, `addon_id`) VALUES
(26, 10079, 10075),
(27, 10079, 10076),
(28, 10079, 10077),
(29, 10079, 10078);

-- --------------------------------------------------------

--
-- Table structure for table `product_area_kirim`
--

CREATE TABLE `product_area_kirim` (
  `id` int NOT NULL,
  `product_id` int NOT NULL,
  `area_kirim_id` int NOT NULL
) ENGINE=InnoDB DEFAULT CHARSET=utf8mb4 COLLATE=utf8mb4_general_ci;

--
-- Dumping data for table `product_area_kirim`
--

INSERT INTO `product_area_kirim` (`id`, `product_id`, `area_kirim_id`) VALUES
(2, 10034, 992),
(3, 10035, 992),
(4, 10033, 992),
(5, 10037, 992),
(6, 10038, 992),
(7, 10039, 992),
(8, 10040, 992),
(9, 10041, 992),
(10, 10042, 992),
(11, 10043, 992),
(12, 10045, 992),
(13, 10046, 992),
(15, 10048, 992),
(16, 10049, 992),
(17, 10050, 992),
(18, 10051, 992),
(19, 10052, 992),
(20, 10053, 992),
(21, 10054, 992),
(22, 10055, 992),
(24, 10057, 992),
(25, 10058, 992),
(26, 10059, 992),
(27, 10060, 992),
(28, 10061, 992),
(29, 10062, 992),
(30, 10063, 992),
(31, 10064, 992),
(33, 10066, 992),
(34, 10067, 992),
(36, 10069, 992),
(37, 10070, 992),
(39, 10072, 992),
(40, 10073, 992),
(41, 10074, 992),
(50, 10065, 992),
(51, 10056, 992),
(52, 10047, 992),
(56, 10068, 992),
(61, 10075, 1),
(62, 10075, 992),
(63, 10076, 992),
(64, 10077, 992),
(65, 10078, 992),
(71, 10071, 992),
(75, 10079, 992);

-- --------------------------------------------------------

--
-- Table structure for table `product_catalog`
--

CREATE TABLE `product_catalog` (
  `id` int NOT NULL,
  `product_id` int NOT NULL,
  `catalog_id` int NOT NULL
) ENGINE=InnoDB DEFAULT CHARSET=latin1;

--
-- Dumping data for table `product_catalog`
--

INSERT INTO `product_catalog` (`id`, `product_id`, `catalog_id`) VALUES
(67744, 10034, 8),
(67745, 10035, 8),
(67746, 10036, 8),
(67747, 10033, 8),
(67748, 10037, 8),
(67749, 10038, 8),
(67750, 10039, 8),
(67751, 10040, 8),
(67752, 10041, 8),
(67753, 10042, 8),
(67754, 10043, 8),
(67755, 10044, 12),
(67756, 10045, 12),
(67757, 10046, 12),
(67759, 10048, 12),
(67760, 10049, 8),
(67761, 10050, 8),
(67762, 10051, 12),
(67763, 10052, 5),
(67764, 10053, 12),
(67765, 10054, 12),
(67766, 10055, 8),
(67768, 10057, 9),
(67769, 10058, 8),
(67770, 10059, 12),
(67771, 10060, 5),
(67772, 10061, 8),
(67773, 10062, 9),
(67774, 10063, 8),
(67775, 10063, 9),
(67776, 10064, 8),
(67777, 10064, 9),
(67778, 10064, 5),
(67780, 10066, 12),
(67781, 10067, 8),
(67782, 10067, 5),
(67785, 10069, 8),
(67786, 10070, 8),
(67789, 10072, 7),
(67790, 10072, 8),
(67791, 10073, 8),
(67792, 10073, 5),
(67793, 10074, 8),
(67810, 10065, 8),
(67811, 10065, 3),
(67812, 10056, 12),
(67813, 10047, 3),
(67820, 10068, 8),
(67821, 10068, 9),
(67824, 10075, 8),
(67825, 10076, 10),
(67826, 10077, 8),
(67827, 10078, 8),
(67828, 10078, 9),
(67835, 10071, 8),
(67836, 10071, 3),
(67840, 10079, 9);

-- --------------------------------------------------------

--
-- Table structure for table `product_city`
--

CREATE TABLE `product_city` (
  `id` int NOT NULL,
  `product_id` int NOT NULL,
  `city_id` int NOT NULL
) ENGINE=InnoDB DEFAULT CHARSET=latin1;

--
-- Dumping data for table `product_city`
--

INSERT INTO `product_city` (`id`, `product_id`, `city_id`) VALUES
(83667, 10034, 103),
(83668, 10035, 103),
(83669, 10036, 103),
(83670, 10033, 103),
(83671, 10037, 103),
(83672, 10038, 103),
(83673, 10039, 103),
(83674, 10040, 103),
(83675, 10041, 103),
(83676, 10042, 103),
(83677, 10043, 103),
(83678, 10044, 7),
(83679, 10044, 1),
(83680, 10044, 92),
(83681, 10044, 96),
(83682, 10044, 94),
(83683, 10044, 95),
(83684, 10044, 93),
(83685, 10044, 5),
(83686, 10044, 46),
(83687, 10045, 7),
(83688, 10045, 62),
(83689, 10045, 20),
(83690, 10045, 1),
(83691, 10045, 92),
(83692, 10045, 96),
(83693, 10045, 94),
(83694, 10045, 95),
(83695, 10045, 93),
(83696, 10045, 2),
(83697, 10045, 42),
(83698, 10045, 5),
(83699, 10045, 46),
(83700, 10045, 8),
(83701, 10046, 7),
(83703, 10048, 7),
(83704, 10049, 92),
(83705, 10050, 92),
(83706, 10051, 7),
(83707, 10052, 92),
(83708, 10053, 7),
(83709, 10054, 7),
(83710, 10055, 92),
(83712, 10057, 92),
(83713, 10058, 92),
(83714, 10059, 7),
(83715, 10060, 95),
(83716, 10061, 95),
(83717, 10062, 95),
(83718, 10063, 8),
(83719, 10064, 8),
(83721, 10066, 7),
(83722, 10067, 8),
(83724, 10069, 8),
(83725, 10070, 8),
(83727, 10072, 2),
(83728, 10073, 46),
(83729, 10074, 46),
(83740, 10065, 8),
(83741, 10056, 7),
(83742, 10047, 92),
(83746, 10068, 8),
(83749, 10075, 8),
(83750, 10076, 8),
(83751, 10077, 8),
(83752, 10078, 8),
(83761, 10071, 2),
(83765, 10079, 8);

-- --------------------------------------------------------

--
-- Table structure for table `product_mitra`
--

CREATE TABLE `product_mitra` (
  `id` int NOT NULL,
  `product_id` int NOT NULL,
  `mitra_id` int NOT NULL
) ENGINE=InnoDB DEFAULT CHARSET=latin1;

--
-- Dumping data for table `product_mitra`
--

INSERT INTO `product_mitra` (`id`, `product_id`, `mitra_id`) VALUES
(15572, 10034, 385),
(15573, 10035, 385),
(15574, 10036, 385),
(15575, 10033, 385),
(15576, 10037, 385),
(15577, 10038, 385),
(15578, 10039, 385),
(15579, 10040, 385),
(15580, 10041, 385),
(15581, 10042, 385),
(15582, 10043, 385),
(15583, 10044, 385),
(15584, 10045, 384),
(15585, 10046, 384),
(15587, 10048, 384),
(15588, 10049, 388),
(15589, 10050, 388),
(15590, 10051, 385),
(15591, 10052, 388),
(15592, 10053, 384),
(15593, 10054, 384),
(15594, 10055, 388),
(15596, 10057, 388),
(15597, 10058, 388),
(15598, 10059, 384),
(15599, 10060, 386),
(15600, 10061, 386),
(15601, 10062, 386),
(15602, 10063, 382),
(15603, 10064, 382),
(15605, 10066, 384),
(15606, 10067, 382),
(15608, 10069, 382),
(15609, 10070, 382),
(15611, 10072, 389),
(15612, 10073, 390),
(15613, 10074, 390),
(15622, 10065, 382),
(15623, 10056, 384),
(15624, 10047, 388),
(15628, 10068, 382),
(15631, 10075, 382),
(15632, 10076, 382),
(15633, 10077, 382),
(15634, 10078, 382),
(15640, 10071, 389),
(15644, 10079, 382);

-- --------------------------------------------------------

--
-- Table structure for table `product_mitra_backup`
--

CREATE TABLE `product_mitra_backup` (
  `id` int NOT NULL,
  `product_id` int NOT NULL,
  `mitra_id_backup` int NOT NULL
) ENGINE=InnoDB DEFAULT CHARSET=latin1;

-- --------------------------------------------------------

--
-- Table structure for table `product_solution`
--

CREATE TABLE `product_solution` (
  `id` int NOT NULL,
  `product_id` int NOT NULL,
  `solution_id` int NOT NULL
) ENGINE=InnoDB DEFAULT CHARSET=latin1;

--
-- Dumping data for table `product_solution`
--

INSERT INTO `product_solution` (`id`, `product_id`, `solution_id`) VALUES
(3, 10034, 1),
(4, 10034, 2),
(5, 10035, 1),
(6, 10035, 2),
(7, 10036, 1),
(8, 10036, 2),
(9, 10033, 1),
(10, 10033, 2),
(11, 10037, 1),
(12, 10037, 2),
(13, 10038, 1),
(14, 10038, 2),
(15, 10039, 1),
(16, 10039, 2),
(17, 10040, 1),
(18, 10040, 2),
(19, 10041, 1),
(20, 10041, 2),
(21, 10042, 1),
(22, 10042, 2),
(23, 10043, 1),
(24, 10043, 2),
(25, 10044, 1),
(26, 10044, 2),
(27, 10044, 3),
(28, 10045, 1),
(29, 10045, 2),
(30, 10045, 3),
(31, 10046, 1),
(32, 10046, 2),
(33, 10046, 3),
(36, 10048, 1),
(37, 10048, 2),
(38, 10048, 3),
(39, 10049, 1),
(40, 10049, 2),
(41, 10050, 1),
(42, 10050, 2),
(43, 10051, 1),
(44, 10051, 2),
(45, 10051, 3),
(46, 10052, 1),
(47, 10052, 2),
(48, 10053, 1),
(49, 10053, 2),
(50, 10053, 3),
(51, 10054, 1),
(52, 10054, 2),
(53, 10054, 3),
(54, 10055, 1),
(55, 10055, 2),
(59, 10057, 1),
(60, 10057, 2),
(61, 10058, 1),
(62, 10058, 2),
(63, 10059, 1),
(64, 10059, 2),
(65, 10059, 3),
(66, 10060, 1),
(67, 10060, 2),
(68, 10061, 1),
(69, 10061, 2),
(70, 10062, 1),
(71, 10062, 2),
(72, 10063, 1),
(73, 10063, 2),
(74, 10063, 3),
(75, 10064, 1),
(76, 10064, 2),
(79, 10066, 1),
(80, 10066, 2),
(81, 10067, 1),
(82, 10067, 2),
(85, 10069, 1),
(86, 10069, 2),
(87, 10069, 3),
(88, 10070, 1),
(89, 10070, 2),
(90, 10070, 3),
(94, 10072, 1),
(95, 10072, 2),
(96, 10072, 3),
(97, 10073, 1),
(98, 10073, 2),
(99, 10073, 3),
(100, 10074, 1),
(101, 10074, 2),
(102, 10074, 3),
(127, 10065, 1),
(128, 10065, 2),
(129, 10056, 1),
(130, 10056, 2),
(131, 10056, 3),
(132, 10047, 1),
(133, 10047, 2),
(140, 10068, 1),
(141, 10068, 2),
(150, 10075, 1),
(151, 10075, 2),
(152, 10075, 3),
(153, 10075, 4),
(154, 10076, 1),
(155, 10076, 2),
(156, 10076, 3),
(157, 10077, 1),
(158, 10077, 2),
(159, 10077, 3),
(160, 10077, 4),
(161, 10078, 1),
(162, 10078, 2),
(163, 10078, 3),
(164, 10078, 4),
(172, 10071, 1),
(173, 10071, 2),
(174, 10071, 3),
(178, 10079, 2);

-- --------------------------------------------------------

--
-- Table structure for table `solution`
--

CREATE TABLE `solution` (
  `id` int NOT NULL,
  `name` varchar(255) NOT NULL,
  `slug` varchar(255) NOT NULL,
  `image` text NOT NULL,
  `desc` text NOT NULL,
  `seo_title` text NOT NULL,
  `seo_meta` longtext NOT NULL,
  `view` int NOT NULL,
  `status` tinyint NOT NULL DEFAULT '1',
  `last_update` timestamp NOT NULL DEFAULT CURRENT_TIMESTAMP ON UPDATE CURRENT_TIMESTAMP
) ENGINE=InnoDB DEFAULT CHARSET=latin1;

--
-- Dumping data for table `solution`
--

INSERT INTO `solution` (`id`, `name`, `slug`, `image`, `desc`, `seo_title`, `seo_meta`, `view`, `status`, `last_update`) VALUES
(1, 'Employee Gift', 'employee-gift', 'toko-employee-gift-YmNiYzAxMW.webp', 'Employee Gift Apresiasi untuk Tim Anda', 'Custom Gift Untuk Karyawan', 'Custom Gift Untuk Karyawan', 0, 1, '2024-05-21 07:10:53'),
(2, 'Corporate Gift', 'corporate-gift', 'toko-corporate-gift-ZDA3M.webp', 'Gift rekomendasi untuk perusahaan', 'Gift rekomendasi untuk perusahaan', 'Gift rekomendasi untuk perusahaan', 0, 1, '2024-05-21 07:10:53'),
(3, 'Event Merchandise', 'event-merchandise', 'toko-pr-package-YmY0ZjA0.webp', 'Event Merchandise', 'Event Merchandise', 'Event Merchandise', 0, 1, '2024-05-21 07:10:53'),
(4, 'PR Package', 'pr-package', 'toko-pr-package-YmY0ZjA0.webp', 'PR Package', 'PR Package', 'PR Package', 0, 1, '2024-05-21 07:10:53');

--
-- Indexes for dumped tables
--

--
-- Indexes for table `area_kirim`
--
ALTER TABLE `area_kirim`
  ADD PRIMARY KEY (`id`);

--
-- Indexes for table `cart`
--
ALTER TABLE `cart`
  ADD PRIMARY KEY (`id`);

--
-- Indexes for table `catalog`
--
ALTER TABLE `catalog`
  ADD PRIMARY KEY (`id`);

--
-- Indexes for table `catalog_solution`
--
ALTER TABLE `catalog_solution`
  ADD PRIMARY KEY (`id`);

--
-- Indexes for table `city`
--
ALTER TABLE `city`
  ADD PRIMARY KEY (`id`);

--
-- Indexes for table `hpp`
--
ALTER TABLE `hpp`
  ADD PRIMARY KEY (`id`);

--
-- Indexes for table `mitra`
--
ALTER TABLE `mitra`
  ADD PRIMARY KEY (`id`),
  ADD KEY `citymitra` (`city`);

--
-- Indexes for table `mitra_catalog`
--
ALTER TABLE `mitra_catalog`
  ADD PRIMARY KEY (`id`);

--
-- Indexes for table `mitra_city`
--
ALTER TABLE `mitra_city`
  ADD PRIMARY KEY (`id`);

--
-- Indexes for table `product`
--
ALTER TABLE `product`
  ADD PRIMARY KEY (`id`);

--
-- Indexes for table `product_addon`
--
ALTER TABLE `product_addon`
  ADD PRIMARY KEY (`id`);

--
-- Indexes for table `product_area_kirim`
--
ALTER TABLE `product_area_kirim`
  ADD PRIMARY KEY (`id`);

--
-- Indexes for table `product_catalog`
--
ALTER TABLE `product_catalog`
  ADD PRIMARY KEY (`id`),
  ADD KEY `catalog` (`catalog_id`);

--
-- Indexes for table `product_city`
--
ALTER TABLE `product_city`
  ADD PRIMARY KEY (`id`),
  ADD KEY `city` (`city_id`);

--
-- Indexes for table `product_mitra`
--
ALTER TABLE `product_mitra`
  ADD PRIMARY KEY (`id`);

--
-- Indexes for table `product_mitra_backup`
--
ALTER TABLE `product_mitra_backup`
  ADD PRIMARY KEY (`id`);

--
-- Indexes for table `product_solution`
--
ALTER TABLE `product_solution`
  ADD PRIMARY KEY (`id`);

--
-- Indexes for table `solution`
--
ALTER TABLE `solution`
  ADD PRIMARY KEY (`id`);

--
-- AUTO_INCREMENT for dumped tables
--

--
-- AUTO_INCREMENT for table `area_kirim`
--
ALTER TABLE `area_kirim`
  MODIFY `id` int NOT NULL AUTO_INCREMENT, AUTO_INCREMENT=993;

--
-- AUTO_INCREMENT for table `cart`
--
ALTER TABLE `cart`
  MODIFY `id` int NOT NULL AUTO_INCREMENT;

--
-- AUTO_INCREMENT for table `catalog`
--
ALTER TABLE `catalog`
  MODIFY `id` int NOT NULL AUTO_INCREMENT, AUTO_INCREMENT=24;

--
-- AUTO_INCREMENT for table `catalog_solution`
--
ALTER TABLE `catalog_solution`
  MODIFY `id` int NOT NULL AUTO_INCREMENT, AUTO_INCREMENT=12;

--
-- AUTO_INCREMENT for table `city`
--
ALTER TABLE `city`
  MODIFY `id` int NOT NULL AUTO_INCREMENT, AUTO_INCREMENT=104;

--
-- AUTO_INCREMENT for table `hpp`
--
ALTER TABLE `hpp`
  MODIFY `id` int NOT NULL AUTO_INCREMENT, AUTO_INCREMENT=6969;

--
-- AUTO_INCREMENT for table `mitra`
--
ALTER TABLE `mitra`
  MODIFY `id` int NOT NULL AUTO_INCREMENT, AUTO_INCREMENT=391;

--
-- AUTO_INCREMENT for table `mitra_catalog`
--
ALTER TABLE `mitra_catalog`
  MODIFY `id` int NOT NULL AUTO_INCREMENT, AUTO_INCREMENT=3956;

--
-- AUTO_INCREMENT for table `mitra_city`
--
ALTER TABLE `mitra_city`
  MODIFY `id` int NOT NULL AUTO_INCREMENT, AUTO_INCREMENT=596;

--
-- AUTO_INCREMENT for table `product`
--
ALTER TABLE `product`
  MODIFY `id` int NOT NULL AUTO_INCREMENT, AUTO_INCREMENT=10080;

--
-- AUTO_INCREMENT for table `product_addon`
--
ALTER TABLE `product_addon`
  MODIFY `id` int NOT NULL AUTO_INCREMENT, AUTO_INCREMENT=30;

--
-- AUTO_INCREMENT for table `product_area_kirim`
--
ALTER TABLE `product_area_kirim`
  MODIFY `id` int NOT NULL AUTO_INCREMENT, AUTO_INCREMENT=76;

--
-- AUTO_INCREMENT for table `product_catalog`
--
ALTER TABLE `product_catalog`
  MODIFY `id` int NOT NULL AUTO_INCREMENT, AUTO_INCREMENT=67841;

--
-- AUTO_INCREMENT for table `product_city`
--
ALTER TABLE `product_city`
  MODIFY `id` int NOT NULL AUTO_INCREMENT, AUTO_INCREMENT=83766;

--
-- AUTO_INCREMENT for table `product_mitra`
--
ALTER TABLE `product_mitra`
  MODIFY `id` int NOT NULL AUTO_INCREMENT, AUTO_INCREMENT=15645;

--
-- AUTO_INCREMENT for table `product_mitra_backup`
--
ALTER TABLE `product_mitra_backup`
  MODIFY `id` int NOT NULL AUTO_INCREMENT, AUTO_INCREMENT=106;

--
-- AUTO_INCREMENT for table `product_solution`
--
ALTER TABLE `product_solution`
  MODIFY `id` int NOT NULL AUTO_INCREMENT, AUTO_INCREMENT=179;

--
-- AUTO_INCREMENT for table `solution`
--
ALTER TABLE `solution`
  MODIFY `id` int NOT NULL AUTO_INCREMENT, AUTO_INCREMENT=5;
COMMIT;

/*!40101 SET CHARACTER_SET_CLIENT=@OLD_CHARACTER_SET_CLIENT */;
/*!40101 SET CHARACTER_SET_RESULTS=@OLD_CHARACTER_SET_RESULTS */;
/*!40101 SET COLLATION_CONNECTION=@OLD_COLLATION_CONNECTION */;
